CustomerID,Total_Quantity,Total_Revenue,Transactions,Unique_Products
14646.0,196915,280206.02,73,700
18102.0,64124,259657.3,60,150
17450.0,69973,194390.79,46,124
16446.0,80997,168472.5,2,3
14911.0,80240,143711.17,201,1787
12415.0,77374,124914.53,21,444
14156.0,57768,117210.08,55,714
17511.0,64549,91062.38,31,453
16029.0,40108,80850.84,63,44
12346.0,74215,77183.6,1,1
16684.0,50255,66653.56,28,119
14096.0,16352,65164.79,17,1119
13694.0,63312,65039.62,50,366
15311.0,38147,60632.75,91,567
13089.0,31025,58762.08,97,636
17949.0,30546,58510.48,45,29
15769.0,29672,56252.72,26,26
15061.0,28920,54534.14,48,70
14298.0,58343,51527.3,44,884
14088.0,12665,50491.81,13,379
15749.0,18028,44534.3,3,5
12931.0,28004,42055.96,15,28
17841.0,22834,40519.84,124,1323
15098.0,121,39916.5,3,1
13798.0,23948,37153.85,57,113
16013.0,15536,37130.6,47,30
16422.0,33704,34684.4,51,68
15838.0,18368,33643.08,19,54
12748.0,25287,33053.19,209,1768
17404.0,32748,31906.82,15,111
17389.0,7612,31833.68,34,45
13098.0,15968,28882.44,28,156
14680.0,13476,28754.11,16,73
13081.0,19068,28337.38,11,503
13408.0,16232,28117.04,62,234
17857.0,19256,26879.04,23,19
16333.0,32184,26626.8,22,9
13777.0,12897,25977.16,33,36
12753.0,11421,21429.39,6,132
12744.0,5241,21279.29,7,178
16210.0,7559,21086.3,18,74
17675.0,8360,20374.28,31,239
17381.0,25649,20275.61,29,40
12471.0,8200,19788.65,30,150
15039.0,9131,19766.59,47,408
12731.0,8437,18895.91,12,109
15159.0,11441,18641.010000000002,30,363
12901.0,23075,17654.54,28,30
12678.0,10923,17628.46,12,105
14031.0,5788,17286.86,19,119
17428.0,9474,17256.85,28,252
13767.0,7322,17220.36,37,55
13881.0,10118,17159.52,20,72
16839.0,8975,16594.35,34,114
12921.0,9526,16587.09,37,233
17677.0,9772,16345.38,30,178
15189.0,6149,16225.39,41,80
14607.0,11526,16209.5,14,38
15856.0,10866,16143.64,27,295
14051.0,3756,15610.390000000001,23,52
15513.0,5709,14758.220000000001,19,183
16133.0,8887,14589.04,33,219
14866.0,6752,14389.9,12,30
16705.0,5476,14034.99,20,133
12681.0,7536,13787.54,22,267
12621.0,7440,13689.67,20,261
12540.0,6685,13400.24,17,277
12433.0,11071,13375.87,7,219
15498.0,6105,13316.4,27,360
12477.0,3653,13219.74,6,191
17735.0,8439,13110.02,19,319
16525.0,7397,13027.45,26,75
14258.0,7100,12669.98,9,58
13078.0,5630,12627.94,26,95
12536.0,2803,12601.830000000002,3,260
15640.0,6572,12416.11,15,240
16000.0,5110,12393.7,3,9
17340.0,5967,12353.29,11,229
12682.0,5555,12279.82,31,209
13113.0,3045,12245.960000000001,24,95
14606.0,6187,12076.15,93,819
12557.0,4384,11990.960000000001,5,15
12939.0,4876,11581.8,8,21
15125.0,6193,11528.48,15,102
14194.0,5840,11349.52,21,269
12971.0,9289,11189.91,86,94
14895.0,4851,11138.710000000001,20,273
12409.0,5551,11072.67,3,91
17581.0,5915,11025.24,25,229
15482.0,5004,10879.76,12,46
13319.0,4724,10845.550000000001,26,209
17107.0,4826,10797.48,6,269
13340.0,5770,10736.48,7,128
17139.0,5176,10650.77,12,309
16779.0,5301,10611.720000000001,22,161
17865.0,5757,10526.32,20,191
17706.0,3899,10504.49,17,270
15251.0,6171,10484.99,11,97
14062.0,5593,10464.85,12,60
14769.0,7239,10416.98,8,718
15615.0,5508,10399.74,23,184
15502.0,4236,10384.93,12,164
16180.0,5867,10254.18,8,90
16843.0,10159,10196.57,16,226
12590.0,4283,9864.26,2,68
13199.0,6176,9817.12,38,48
13001.0,5490,9785.970000000001,13,166
15078.0,5105,9743.11,32,97
12709.0,3912,9706.52,15,93
13458.0,5508,9646.57,14,242
14733.0,3764,9585.91,12,102
16523.0,4265,9418.470000000001,21,151
12567.0,4305,9401.28,10,323
14367.0,4426,9227.82,16,270
14667.0,5319,9175.04,25,354
18092.0,4252,9068.26,11,28
12451.0,6575,9035.52,5,265
13969.0,4528,9024.17,18,334
13488.0,4518,8968.31,13,271
13090.0,2263,8910.82,14,98
16033.0,3529,8778.82,20,538
17017.0,6673,8694.26,20,88
17306.0,11491,8631.31,19,13
16656.0,8894,8625.8,15,14
17243.0,3320,8540.05,26,180
14527.0,2088,8507.13,55,330
12683.0,4987,8476.57,15,177
18139.0,5557,8438.34,6,35
15358.0,7050,8347.2,22,292
16558.0,5377,8338.49,20,264
14056.0,4252,8152.71,23,320
14936.0,4085,8137.02,8,210
16672.0,2832,8134.9400000000005,20,22
13854.0,2296,8109.5199999999995,25,39
14952.0,3355,8099.49,11,117
18109.0,4230,8004.92,26,119
14796.0,5995,7975.49,17,403
12428.0,3536,7956.46,9,258
15290.0,4501,7943.22,18,93
14849.0,5694,7930.54,25,159
12757.0,2395,7834.650000000001,13,237
13093.0,3961,7832.47,8,97
12435.0,2055,7829.89,2,31
13629.0,4372,7792.36,11,28
17811.0,4146,7761.82,39,359
15044.0,2785,7634.7300000000005,17,233
15194.0,5703,7616.53,15,209
18172.0,3184,7561.68,20,100
13263.0,4768,7436.93,35,450
12980.0,886,7374.900000000001,9,6
15465.0,1257,7354.62,18,43
17396.0,2005,7330.8,8,24
12474.0,4833,7324.09,18,253
12583.0,5060,7281.38,15,115
13018.0,5435,7277.7,28,313
18229.0,2488,7276.900000000001,20,66
16729.0,5722,7205.33,21,234
16745.0,6719,7180.7,17,148
16873.0,3840,7123.62,6,179
13324.0,5205,7121.95,10,25
16923.0,3344,7069.08,19,313
13985.0,3445,7060.13,15,108
14961.0,3708,7044.68,9,193
12766.0,3646,6989.63,7,205
12798.0,5256,6977.04,3,6
12989.0,2943,6924.110000000001,15,41
13027.0,17280,6912.0,6,6
16187.0,5048,6911.4400000000005,15,160
16713.0,4271,6910.78,15,338
17416.0,4302,6893.42,7,186
12705.0,3997,6868.29,9,228
12476.0,2408,6816.42,11,177
12830.0,9848,6814.64,6,13
15601.0,4983,6776.56,14,230
16652.0,3283,6773.97,7,74
18055.0,2452,6761.34,10,223
16532.0,2016,6748.8,3,2
15023.0,2827,6720.41,11,347
13576.0,2646,6717.34,18,78
15249.0,3577,6688.46,13,211
16746.0,4660,6680.11,18,234
16353.0,2006,6675.71,23,51
12626.0,3453,6620.48,9,232
16182.0,3791,6617.65,4,17
15144.0,3050,6580.44,17,132
12472.0,4148,6572.11,7,219
17338.0,3059,6493.54,8,389
18223.0,2948,6484.54,14,116
15694.0,1677,6479.4,14,42
13225.0,3416,6463.84,7,23
13102.0,4204,6424.09,24,140
12431.0,2896,6419.95,15,163
16814.0,2697,6416.7,21,122
13871.0,2806,6403.25,13,155
12359.0,1609,6310.03,4,214
13668.0,3722,6309.83,21,284
13709.0,3508,6307.650000000001,13,244
15005.0,4230,6295.37,28,360
16126.0,2125,6287.77,4,57
17315.0,3863,6281.23,38,256
14057.0,4873,6211.66,17,179
12357.0,2708,6207.67,1,131
14060.0,5386,6140.42,19,86
13418.0,3918,6127.43,18,223
15939.0,4728,6115.01,15,28
17509.0,3512,6083.64,8,75
14735.0,2264,6065.69,32,99
13097.0,2360,6003.22,10,214
12637.0,2994,6002.9,8,205
14101.0,6942,5976.79,6,15
15382.0,4012,5955.71,6,193
14944.0,2815,5900.25,12,101
13209.0,4253,5891.61,8,255
13534.0,2961,5870.08,25,119
14505.0,2739,5859.43,8,540
14415.0,2996,5855.57,13,283
13050.0,3748,5836.86,17,246
12720.0,4672,5781.73,25,211
15218.0,3329,5756.89,11,77
17686.0,2478,5739.46,7,205
13316.0,5508,5732.93,4,66
13178.0,3570,5725.47,11,95
16553.0,4600,5719.82,12,62
13468.0,2589,5704.97,37,184
14110.0,2445,5683.15,12,94
17716.0,3072,5655.99,11,171
13004.0,4822,5655.91,18,277
17049.0,2673,5655.03,9,201
18118.0,2865,5625.08,26,424
17757.0,3318,5593.39,30,275
12839.0,3807,5591.42,14,95
12481.0,3294,5579.82,10,150
14688.0,3584,5579.1,21,148
14049.0,3808,5578.72,4,348
16767.0,4423,5575.56,11,148
12539.0,2067,5568.35,4,157
16161.0,2583,5533.67,19,286
18225.0,3242,5504.96,12,150
16609.0,2420,5493.46,7,155
15805.0,3367,5488.18,17,220
16985.0,1832,5464.12,10,62
16265.0,2646,5447.0,9,164
18198.0,4074,5425.56,17,81
12490.0,3064,5417.93,10,131
17809.0,2057,5411.91,12,46
16701.0,6393,5398.3,13,99
17719.0,2466,5396.04,15,111
17850.0,1733,5391.21,34,21
16303.0,2659,5360.63,3,119
13269.0,3513,5343.28,15,177
17730.0,3576,5298.4800000000005,13,127
15150.0,3642,5291.33,10,282
17061.0,1526,5232.2300000000005,11,57
18226.0,3466,5228.05,11,141
12362.0,2229,5226.23,10,201
16258.0,2994,5203.51,5,111
13756.0,3188,5189.52,14,66
16191.0,3351,5180.52,13,65
15727.0,3063,5159.06,7,213
13599.0,3293,5149.92,21,171
17858.0,2694,5140.66,12,101
15903.0,2410,5126.76,7,46
13941.0,2364,5112.96,5,24
15046.0,3372,5090.42,15,147
16700.0,4024,5076.55,13,159
13139.0,2425,5064.94,7,132
12432.0,1801,5059.32,5,107
17602.0,4116,5054.42,6,335
15301.0,2751,5049.95,12,167
17426.0,3094,5037.26,6,179
15719.0,2718,5030.07,13,299
14755.0,2219,5010.28,11,128
14562.0,1815,5006.77,18,187
12444.0,1153,5005.46,5,138
14329.0,3087,4975.24,7,218
15032.0,2968,4959.1,3,29
12437.0,2922,4951.41,18,118
12700.0,2967,4939.99,4,193
14709.0,2484,4921.04,13,71
15786.0,3340,4919.0,3,257
15547.0,3999,4910.6,14,441
17133.0,2730,4892.240000000001,7,13
12664.0,1203,4881.88,9,10
12688.0,3028,4873.8099999999995,1,171
14292.0,1663,4871.93,9,64
17652.0,2509,4867.72,12,118
15738.0,2982,4812.42,16,46
13013.0,2224,4810.9400000000005,13,155
15298.0,3116,4799.9,12,115
15555.0,4427,4794.86,16,401
15187.0,1887,4777.18,16,61
17365.0,4749,4767.36,8,278
12955.0,3664,4757.16,11,81
14180.0,719,4748.52,25,112
15152.0,2704,4745.69,13,196
16722.0,5001,4730.81,13,96
17690.0,1769,4726.8,15,186
12714.0,3069,4708.86,5,216
14135.0,3850,4690.31,15,95
14191.0,3662,4684.76,13,145
15291.0,2103,4668.3,15,62
14189.0,3937,4654.08,15,176
14390.0,2133,4642.57,9,135
14159.0,4348,4630.35,11,501
14286.0,4338,4628.75,3,220
13802.0,2572,4599.42,3,55
15093.0,3760,4597.02,6,52
14004.0,2668,4582.64,7,102
16931.0,3134,4554.87,21,448
17068.0,2164,4552.14,21,116
17613.0,2490,4544.55,14,211
12484.0,2187,4527.32,6,256
13267.0,1969,4521.49,19,88
15299.0,2948,4507.01,7,7
12524.0,3699,4485.72,8,113
17975.0,1565,4483.26,13,189
14426.0,2699,4481.67,10,183
12627.0,2752,4478.53,7,162
17364.0,2692,4462.68,11,288
16984.0,2380,4459.52,2,354
13069.0,5873,4431.44,24,281
14085.0,3177,4421.29,18,272
15955.0,2135,4416.26,14,137
16626.0,2690,4413.1,17,86
15874.0,2534,4405.88,7,110
14534.0,2027,4397.3,18,331
12712.0,1062,4396.13,13,58
13505.0,2486,4393.63,4,182
12752.0,2262,4366.78,1,53
16945.0,2725,4345.5,19,137
14016.0,2125,4341.21,4,154
14800.0,3644,4331.79,12,246
17567.0,2632,4331.48,8,110
18251.0,7824,4314.72,1,16
12347.0,2458,4310.0,7,103
17937.0,1754,4301.22,7,19
15034.0,2413,4274.16,8,299
14422.0,2906,4263.64,6,189
12500.0,2678,4257.82,11,34
17419.0,1876,4226.57,12,155
14525.0,2637,4215.9,9,217
15804.0,2565,4206.39,13,170
15971.0,1717,4199.85,12,10
12747.0,1275,4196.01,11,42
14146.0,2437,4191.0,5,183
14277.0,1976,4188.0,3,195
12949.0,2381,4167.22,8,166
13384.0,2422,4151.93,7,123
15570.0,2063,4148.82,12,231
13988.0,3044,4147.96,6,188
12569.0,1801,4124.69,32,92
17920.0,2473,4119.5,17,407
16592.0,2927,4113.68,16,142
13555.0,2636,4098.88,4,128
16401.0,3882,4098.32,12,66
18041.0,3758,4097.37,21,285
16670.0,2556,4095.9,11,179
12749.0,1471,4090.88,5,160
14092.0,2066,4076.91,14,117
12449.0,1553,4067.29,4,118
17377.0,2038,4058.32,20,190
18087.0,3907,4055.7199999999993,2,2
14401.0,4507,4051.48,13,113
12656.0,1723,4051.17,5,89
16549.0,2294,4034.9,10,445
13815.0,2560,4027.36,4,132
15514.0,2098,4023.7200000000003,11,96
17940.0,9323,4020.04,10,6
12957.0,2549,4017.54,8,208
12867.0,4284,4009.34,7,240
12378.0,2529,4008.62,1,219
16186.0,3020,4006.94,12,87
12841.0,2720,3991.58,25,229
17001.0,2164,3989.57,11,75
15416.0,2090,3984.32,4,165
12779.0,2024,3981.36,8,88
12727.0,2098,3980.7,7,109
14547.0,2639,3974.75,8,198
14299.0,2149,3965.62,9,94
13523.0,1752,3964.88,5,157
15529.0,3455,3962.6,11,415
17611.0,2550,3961.12,15,440
13183.0,2208,3957.78,9,51
17769.0,1850,3957.43,10,200
17651.0,3112,3945.0,10,149
12473.0,2414,3928.0499999999997,5,140
17593.0,3089,3923.86,5,190
14739.0,3820,3902.28,7,47
13999.0,2243,3901.81,12,102
14291.0,2749,3883.25,11,145
15195.0,1404,3861.0,1,1
18073.0,3102,3859.82,12,23
12662.0,2058,3849.78,11,129
16717.0,1860,3843.08,6,176
13266.0,4428,3834.2599999999998,12,82
17091.0,1746,3827.76,9,119
16327.0,2560,3820.27,6,142
12755.0,1491,3811.95,2,4
12597.0,2236,3811.22,4,184
15867.0,2052,3810.14,15,302
13435.0,2129,3809.8900000000003,7,68
12668.0,1634,3807.15,4,115
16145.0,3123,3799.4900000000002,11,134
16655.0,2363,3789.52,6,208
16168.0,1892,3787.6,27,57
16019.0,1733,3786.2400000000002,9,133
12562.0,1779,3781.7400000000002,7,99
17173.0,1122,3766.6,8,36
13124.0,2119,3756.33,3,185
12429.0,1557,3750.4,4,82
14145.0,756,3742.2,4,6
13552.0,1417,3740.07,12,82
16570.0,2112,3738.4,10,68
12502.0,820,3723.87,5,102
12647.0,1431,3722.82,12,78
13680.0,1934,3719.12,4,164
17238.0,1807,3719.1,17,297
16240.0,1641,3718.8,2,126
14364.0,1967,3717.35,8,61
15845.0,1926,3711.77,8,97
15622.0,1674,3709.56,9,169
17819.0,1031,3704.87,7,36
15379.0,2305,3703.29,7,145
14282.0,2656,3701.44,15,70
12553.0,1965,3692.28,10,95
16253.0,3233,3683.86,2,114
13148.0,1965,3683.26,12,231
15581.0,283,3675.77,13,134
15296.0,1766,3672.86,6,137
16904.0,1984,3653.75,16,387
15808.0,1305,3651.27,4,142
12417.0,1552,3649.1,9,158
13426.0,2245,3641.32,10,103
12619.0,3378,3641.24,9,50
16440.0,2018,3640.67,5,186
13381.0,2029,3639.31,6,77
17230.0,1651,3638.41,8,51
17528.0,2138,3628.5,8,183
13327.0,1600,3627.77,8,74
13520.0,1649,3624.35,6,49
13082.0,4324,3613.63,9,63
18079.0,7347,3613.15,4,99
16712.0,1730,3611.31,11,259
15505.0,2390,3610.96,5,90
13137.0,2204,3603.29,8,345
14543.0,675,3599.73,16,43
15484.0,3150,3590.41,4,135
14132.0,3368,3586.0299999999997,11,100
16242.0,1969,3579.86,7,184
17576.0,1967,3564.83,19,245
14040.0,1544,3560.32,12,146
17203.0,2846,3560.08,6,116
17491.0,2013,3558.87,10,72
15544.0,3109,3546.71,9,122
14503.0,2004,3543.26,6,113
12370.0,2352,3541.94,4,143
13448.0,1648,3534.69,6,137
12454.0,1006,3528.34,1,15
17160.0,2856,3518.03,6,111
13953.0,2724,3515.68,7,8
15113.0,2344,3509.43,3,77
16131.0,1802,3506.54,6,55
13334.0,1764,3502.32,3,207
14907.0,1691,3501.1,7,125
16458.0,2154,3482.7400000000002,18,52
14395.0,1689,3479.91,9,181
13993.0,900,3466.36,9,66
13014.0,905,3466.2799999999997,10,67
15410.0,1200,3450.84,8,48
16360.0,2110,3450.41,6,365
15129.0,1794,3447.4,11,54
13536.0,2126,3444.39,7,91
15974.0,2262,3442.15,7,141
17725.0,2162,3439.08,11,115
15676.0,2252,3435.76,3,191
14221.0,2191,3432.8,9,123
12406.0,1818,3415.3,2,92
15981.0,1866,3408.48,8,53
17758.0,2054,3408.2000000000003,8,310
13437.0,1283,3408.06,7,143
17669.0,1916,3406.7200000000003,7,45
13198.0,2648,3401.2400000000002,6,199
15228.0,2255,3386.71,4,110
13842.0,1768,3385.62,9,155
16011.0,2035,3352.96,16,99
14227.0,1820,3350.96,10,117
16818.0,2164,3349.57,11,172
16607.0,2859,3347.71,14,140
17183.0,1296,3347.31,6,42
12643.0,1808,3344.64,6,11
12613.0,1644,3344.38,5,124
13015.0,1609,3339.64,5,156
12594.0,1777,3338.2200000000003,10,50
16556.0,1890,3313.79,7,144
13373.0,1651,3312.25,3,135
14841.0,1778,3295.76,6,103
15632.0,2109,3285.31,8,107
12480.0,1707,3281.63,4,129
15764.0,2050,3279.97,6,150
17723.0,792,3276.4000000000005,6,4
14702.0,1439,3251.79,17,196
13952.0,1431,3251.071,2,120
13047.0,1391,3237.54,10,106
15708.0,1217,3235.25,7,124
14175.0,1515,3222.3,3,139
13880.0,1842,3219.77,13,125
15443.0,1639,3213.59,7,237
14388.0,1941,3212.84,8,124
16107.0,1176,3204.1600000000003,7,16
13868.0,1964,3192.54,2,32
13758.0,1844,3190.55,7,104
14844.0,1833,3189.81,4,87
17220.0,1897,3187.55,14,303
17050.0,1595,3185.64,6,169
12456.0,1633,3181.04,3,105
17672.0,1690,3178.17,2,105
13268.0,3624,3174.75,11,257
16837.0,1563,3170.98,11,123
16041.0,1584,3166.4,3,6
17863.0,2638,3160.0,6,110
15065.0,1383,3158.13,4,148
17685.0,1907,3155.83,7,88
15861.0,2528,3146.92,8,339
14235.0,1959,3144.86,5,65
17231.0,1724,3124.72,10,292
13685.0,5056,3119.44,7,29
16678.0,2397,3109.99,12,92
13742.0,1115,3107.87,12,200
14099.0,2179,3104.17,11,167
15491.0,1646,3100.09,6,108
14257.0,1682,3099.7200000000003,5,88
14565.0,1540,3099.12,4,111
13135.0,4300,3096.0,1,1
16156.0,1273,3092.04,9,108
13362.0,1382,3090.7400000000002,4,128
16218.0,2088,3084.68,7,56
13869.0,1709,3083.65,4,234
17059.0,1850,3080.39,5,292
15998.0,2032,3080.22,5,370
18272.0,2050,3078.58,6,99
12910.0,1692,3075.04,8,48
13631.0,467,3070.42,11,6
16940.0,2169,3049.88,3,226
16393.0,1573,3040.96,13,120
16326.0,682,3039.2200000000003,14,158
17799.0,1753,3039.17,10,280
16905.0,1381,3037.6,7,117
16709.0,851,3029.87,5,64
12598.0,1964,3023.08,8,84
12395.0,2118,3018.63,12,91
18094.0,2518,3017.3,7,39
14456.0,2885,3017.28,9,580
12754.0,6481,3010.74,3,49
15521.0,1836,3000.2,8,116
17659.0,1525,2999.46,12,127
17504.0,1664,2997.0299999999997,9,112
12670.0,1397,2996.05,5,58
14307.0,2058,2995.72,6,150
15687.0,1310,2993.1,9,119
14639.0,1431,2984.49,6,138
14032.0,2032,2975.59,11,53
15854.0,926,2969.12,12,105
16497.0,1396,2965.69,6,128
17924.0,1160,2962.5,7,26
16686.0,1977,2959.88,7,406
14868.0,1405,2953.59,8,96
12916.0,1083,2944.95,4,53
17444.0,2119,2940.04,3,132
16316.0,1484,2938.91,8,120
17512.0,2753,2924.9900000000002,10,61
15606.0,892,2920.16,9,48
12906.0,1749,2919.81,5,55
14112.0,1651,2915.15,7,117
12438.0,1180,2906.85,2,84
13451.0,2128,2898.2599999999998,5,315
17644.0,1793,2895.64,11,102
18144.0,1343,2888.75,12,27
12408.0,1409,2888.55,5,81
13735.0,1128,2883.54,4,158
16633.0,1138,2883.1,6,115
14251.0,1674,2879.7000000000003,5,37
17728.0,1469,2876.01,3,153
14005.0,2478,2874.72,5,53
15628.0,1894,2870.2400000000002,9,85
13901.0,1739,2867.2,5,144
12685.0,1523,2863.08,6,117
14530.0,1395,2862.11,6,140
18145.0,2625,2861.55,4,174
14535.0,1824,2854.84,3,280
14711.0,966,2839.62,11,221
14852.0,1747,2836.69,6,96
14842.0,1166,2824.69,4,128
16928.0,2092,2814.7,17,69
16871.0,1253,2812.34,6,131
12356.0,1591,2811.43,3,53
18230.0,1316,2810.2000000000003,7,32
17596.0,4376,2806.69,7,168
14572.0,1420,2804.54,7,190
16081.0,1473,2799.42,5,175
13769.0,1163,2796.51,10,73
14903.0,1531,2795.33,5,227
12578.0,1196,2794.51,2,111
12758.0,2135,2791.59,2,84
17739.0,861,2791.35,7,29
14626.0,1403,2791.27,4,108
16764.0,1253,2790.9500000000003,13,209
17213.0,1176,2781.23,7,85
12388.0,1462,2780.66,6,57
15984.0,1815,2780.63,10,217
14121.0,2082,2780.15,4,148
15993.0,2037,2777.67,7,335
13870.0,1325,2770.94,8,91
15114.0,3096,2760.56,10,136
13971.0,1844,2758.26,8,118
13230.0,1638,2755.63,14,393
15321.0,1181,2748.31,3,83
17084.0,1702,2747.9900000000002,2,146
12669.0,1115,2744.0299999999997,3,98
13174.0,1352,2742.82,3,228
14854.0,1820,2740.03,7,110
16003.0,1185,2735.37,5,82
12840.0,1511,2726.77,4,67
15673.0,1451,2726.23,4,107
12380.0,1127,2724.81,4,77
17838.0,1831,2720.8,5,96
14125.0,1628,2720.63,3,159
14808.0,2120,2718.6,8,176
15356.0,1643,2718.03,10,215
12708.0,1307,2712.91,10,86
16938.0,2533,2711.6800000000003,4,212
15696.0,1015,2711.11,8,140
17069.0,1506,2709.7000000000003,9,111
13285.0,2051,2709.12,4,157
15796.0,860,2708.61,8,70
13654.0,2182,2707.33,6,157
14107.0,1793,2703.23,7,61
14732.0,1405,2702.4900000000002,8,105
17386.0,1902,2686.42,6,23
12625.0,1612,2683.82,2,73
13883.0,1436,2674.48,5,108
18097.0,1662,2662.4,6,65
14713.0,1613,2662.2,11,146
12360.0,1165,2662.06,3,105
14439.0,526,2661.24,1,32
15671.0,1699,2657.13,7,52
12721.0,1959,2656.13,6,133
13851.0,1705,2651.46,3,77
16618.0,1363,2647.59,5,79
13658.0,1019,2639.17,5,91
17655.0,1116,2638.94,7,66
13771.0,1477,2634.45,4,114
12520.0,1439,2634.26,5,121
17402.0,701,2633.85,13,33
18260.0,1475,2628.35,6,86
15752.0,1960,2626.6,7,236
13422.0,1326,2626.3,1,127
13644.0,2067,2624.26,4,144
17346.0,1617,2622.88,15,299
18210.0,1398,2621.38,6,109
16255.0,1767,2619.91,8,146
14262.0,1645,2618.23,8,87
13021.0,1352,2616.38,9,101
15782.0,864,2614.7400000000002,3,34
14397.0,1890,2612.96,19,18
18075.0,1464,2611.75,10,97
12836.0,1062,2610.36,4,148
12726.0,3143,2609.1,7,57
13136.0,1328,2607.61,5,94
13983.0,1183,2603.43,12,91
17317.0,1146,2600.34,3,8
17965.0,1532,2599.19,14,274
12600.0,774,2599.04,10,32
14408.0,1610,2599.03,7,60
13895.0,1365,2593.07,4,97
16919.0,1403,2592.25,11,141
16241.0,1443,2590.31,13,347
14243.0,1221,2588.77,10,99
13804.0,1462,2588.39,7,124
18077.0,1839,2584.41,11,101
13911.0,2731,2580.91,9,120
14546.0,1313,2573.93,5,250
18245.0,1788,2567.06,7,153
15485.0,1281,2564.5,3,59
16308.0,8000,2560.0,4,1
15033.0,1672,2557.18,10,315
16912.0,1025,2555.58,11,88
14334.0,1731,2552.21,8,98
14676.0,2500,2548.2400000000002,6,29
14776.0,3134,2538.3,11,44
17700.0,1266,2534.64,4,116
15572.0,1213,2533.42,7,166
14659.0,1195,2529.93,9,147
17314.0,1896,2527.92,8,120
14701.0,921,2526.09,9,268
13394.0,2392,2520.02,8,124
17449.0,1121,2519.21,7,178
15245.0,1784,2515.84,3,55
13344.0,952,2511.69,3,115
12352.0,536,2506.04,8,59
13695.0,1603,2504.13,15,46
13471.0,1583,2501.84,4,214
15932.0,2325,2495.87,8,93
16477.0,1415,2494.46,7,111
15271.0,1251,2493.34,15,184
12483.0,1110,2484.98,8,46
12913.0,1419,2483.63,5,37
12517.0,1361,2481.6,5,232
14315.0,1021,2481.13,6,64
13507.0,1597,2479.16,4,146
13588.0,2606,2478.95,9,131
17682.0,1367,2474.33,6,48
17188.0,1328,2474.23,7,71
14766.0,1349,2473.37,6,111
16710.0,1823,2467.99,10,268
17164.0,1501,2467.35,7,92
12455.0,2089,2466.86,6,85
17131.0,983,2463.17,5,78
15750.0,1783,2463.05,8,214
13784.0,2493,2462.79,11,9
13975.0,1697,2461.2400000000002,6,240
15674.0,1275,2446.6,5,88
14163.0,893,2445.91,4,36
14502.0,1480,2429.83,11,368
17071.0,1197,2429.03,9,102
15527.0,991,2428.53,8,127
13949.0,2474,2427.32,6,124
16143.0,919,2424.94,6,75
17722.0,1595,2424.04,4,111
15089.0,1359,2420.84,6,139
15373.0,500,2415.91,12,74
12397.0,1263,2409.9,2,110
17589.0,1631,2404.17,4,172
15980.0,1560,2398.86,3,40
18065.0,1027,2392.83,14,110
13141.0,1548,2388.75,5,113
15370.0,830,2386.05,7,65
14493.0,1285,2383.2400000000002,5,95
14239.0,993,2380.85,11,83
15270.0,1521,2379.49,7,22
13722.0,1401,2375.41,3,75
17434.0,1693,2373.82,7,100
13908.0,1478,2369.55,4,104
17530.0,1514,2367.12,10,306
15755.0,1427,2364.25,6,127
12457.0,843,2363.23,7,53
14930.0,1160,2362.96,3,116
14030.0,1478,2358.84,8,210
17634.0,838,2358.59,9,209
14440.0,588,2357.6800000000003,5,33
15140.0,1572,2354.25,7,74
14309.0,1633,2352.53,9,74
12704.0,1006,2340.84,8,64
18259.0,714,2338.6000000000004,3,27
12584.0,416,2338.15,9,44
18257.0,1041,2337.63,8,97
15281.0,1211,2332.15,9,121
12782.0,1086,2330.92,5,81
15785.0,1612,2328.9700000000003,5,58
17313.0,1402,2328.84,1,24
17744.0,3412,2322.4,6,110
17211.0,1323,2317.2200000000003,8,150
14290.0,915,2314.65,5,89
15365.0,1084,2314.32,7,65
17954.0,2221,2314.13,12,326
13704.0,1531,2308.06,9,111
15288.0,775,2306.52,5,80
16550.0,1540,2298.97,5,162
15105.0,1211,2298.93,7,90
13115.0,1567,2294.78,4,88
15704.0,1028,2293.62,4,79
12615.0,1376,2291.19,4,82
17696.0,1756,2285.71,8,78
12684.0,1985,2283.63,7,61
14554.0,1443,2279.4900000000002,4,147
13994.0,932,2274.14,6,122
13317.0,1035,2273.68,6,100
14466.0,1006,2272.4,7,35
16782.0,705,2267.9500000000003,13,103
16057.0,863,2263.12,7,109
16209.0,1179,2262.62,5,37
16293.0,982,2248.9900000000002,10,102
13700.0,2281,2248.63,10,139
17442.0,1496,2248.56,6,96
14432.0,2013,2248.5,6,256
15235.0,1324,2247.51,12,132
16735.0,1532,2247.41,5,88
16771.0,1487,2242.61,5,200
13527.0,1683,2242.36,7,153
14211.0,1242,2241.1,9,87
14560.0,1260,2237.77,22,39
16076.0,1435,2234.73,10,71
18242.0,1017,2232.4900000000002,4,72
12783.0,624,2225.91,6,76
13365.0,1247,2225.37,2,122
15834.0,961,2225.15,4,242
15665.0,1654,2222.21,2,92
14825.0,989,2221.01,12,82
15811.0,1071,2218.62,6,117
12876.0,1941,2218.02,2,67
14226.0,1296,2214.79,5,64
16743.0,2035,2213.13,7,89
15722.0,1023,2211.21,5,45
12653.0,919,2209.85,2,37
13862.0,1688,2209.36,8,97
15797.0,873,2207.4,4,8
15179.0,1938,2206.95,5,91
17591.0,1000,2203.67,7,81
15123.0,1195,2199.31,2,93
13831.0,743,2198.45,6,58
14700.0,1314,2195.1,3,80
16628.0,1205,2188.05,5,79
17406.0,780,2184.42,3,99
15394.0,910,2183.54,4,54
12909.0,1280,2178.67,5,78
12856.0,1076,2170.78,6,155
12501.0,1783,2169.39,1,149
14341.0,1397,2166.98,8,109
12633.0,1162,2163.98,4,73
12935.0,1853,2160.7,7,80
16456.0,1147,2158.18,5,80
14407.0,1415,2157.73,6,67
16379.0,1410,2157.4,4,87
13224.0,1518,2155.95,2,101
16966.0,1981,2154.97,7,8
17272.0,1778,2148.63,4,70
14828.0,2172,2139.76,3,17
12560.0,1110,2134.01,3,91
13517.0,1369,2128.42,3,125
18061.0,955,2119.41,10,18
13632.0,1031,2118.93,5,121
14360.0,1139,2118.03,4,104
18008.0,1581,2116.19,9,24
14691.0,707,2114.33,5,50
13755.0,1242,2108.06,9,232
14640.0,880,2107.38,6,87
18173.0,1220,2106.84,4,23
18093.0,1392,2106.52,4,31
14461.0,766,2103.06,3,173
15058.0,1054,2102.54,11,199
15815.0,1856,2100.6,5,33
13126.0,2143,2099.64,8,124
12610.0,1049,2099.54,5,85
17861.0,1985,2097.88,8,172
17400.0,1088,2097.84,5,175
16875.0,1069,2095.53,5,93
17191.0,1166,2093.68,7,163
14306.0,1075,2093.32,2,33
13265.0,1740,2092.66,5,66
17490.0,1134,2092.32,7,63
13297.0,963,2089.85,4,52
13571.0,1757,2088.94,12,157
18044.0,1033,2088.6,10,88
14810.0,1015,2085.33,11,106
16954.0,1054,2085.08,9,40
17768.0,1122,2081.9,3,77
16407.0,1093,2079.68,10,99
14696.0,1630,2078.95,7,117
14515.0,1110,2076.89,6,68
14209.0,691,2073.43,6,55
18241.0,1051,2073.09,17,60
18231.0,819,2071.77,5,106
18219.0,885,2069.77,10,58
12948.0,1080,2064.95,7,82
12928.0,1472,2062.7000000000003,5,59
16281.0,934,2062.06,1,17
14409.0,1230,2059.4500000000003,6,40
12518.0,1318,2056.89,5,84
17667.0,1033,2055.51,5,85
14188.0,1162,2054.36,6,34
16150.0,1047,2053.02,5,91
17086.0,1859,2050.08,6,76
17612.0,1808,2048.45,6,116
14232.0,1941,2048.07,5,81
18283.0,1357,2045.53,16,263
13495.0,829,2044.8700000000001,5,34
17597.0,1176,2044.3700000000001,1,55
13450.0,1982,2043.7199999999998,6,32
14001.0,962,2043.0800000000002,3,34
12585.0,1279,2040.1,2,77
17846.0,1,2033.1,1,1
13630.0,1391,2031.78,7,51
16358.0,1302,2027.5,4,82
16409.0,1304,2022.98,5,145
14482.0,1627,2022.81,6,110
15341.0,812,2020.52,1,17
17625.0,1180,2020.4,4,223
13593.0,719,2011.88,5,77
18069.0,1296,2009.24,5,334
15372.0,2924,2007.3999999999999,1,27
16098.0,613,2005.63,7,34
14217.0,689,2004.98,17,78
14544.0,1536,2004.3,2,97
17082.0,1049,2003.85,2,75
16754.0,4280,2002.4,1,2
18188.0,1168,2001.04,3,63
13305.0,1232,2000.86,10,50
16698.0,840,1998.0,2,4
17679.0,729,1992.1100000000001,2,29
17088.0,868,1991.01,4,96
17827.0,1240,1987.33,5,190
13590.0,1848,1981.92,6,70
17337.0,1247,1981.06,4,421
14462.0,956,1980.57,11,150
13725.0,806,1980.56,8,95
17422.0,2253,1979.37,6,93
18204.0,1190,1975.35,3,159
17090.0,903,1974.65,7,45
15531.0,1085,1972.39,2,196
16341.0,1398,1971.87,4,60
12674.0,1133,1970.6,4,52
17790.0,835,1964.3,14,121
17997.0,2273,1962.46,8,133
13246.0,1587,1961.52,6,110
14506.0,704,1960.65,5,204
14498.0,1098,1957.32,5,162
12853.0,800,1957.1000000000001,6,66
15493.0,551,1953.41,5,177
17554.0,1763,1952.45,5,58
17218.0,955,1951.97,10,146
14533.0,4019,1949.72,7,53
15814.0,1271,1945.33,4,63
14418.0,1711,1937.25,3,114
15864.0,1192,1936.3200000000002,6,16
15157.0,2392,1936.07,3,125
15351.0,742,1934.66,7,157
12528.0,756,1933.48,6,50
14655.0,1089,1932.23,4,35
13094.0,1716,1927.3200000000002,12,4
14653.0,945,1926.65,7,154
15518.0,1263,1921.55,8,135
14978.0,523,1921.3700000000001,5,136
14285.0,541,1910.01,4,18
17228.0,1532,1906.09,8,140
16983.0,1335,1905.87,7,112
14210.0,760,1905.8400000000001,6,66
15819.0,1357,1905.45,4,96
16942.0,805,1904.99,9,159
14250.0,1200,1904.05,3,94
12762.0,1227,1898.52,2,62
14730.0,1078,1897.57,8,317
14934.0,1042,1890.94,2,68
12371.0,591,1887.96,2,63
15641.0,1562,1887.2,4,102
16170.0,1770,1885.05,6,106
13890.0,831,1883.8100000000002,10,74
16128.0,988,1880.22,5,76
17738.0,1029,1879.05,4,89
17368.0,1377,1878.87,8,93
15367.0,1057,1877.59,4,91
17463.0,1086,1875.86,5,162
16986.0,1040,1873.2,2,3
13982.0,1136,1871.81,4,72
15021.0,819,1871.77,9,287
17469.0,787,1870.97,5,61
16841.0,2250,1869.82,6,101
17870.0,1351,1865.89,12,214
16426.0,1215,1863.76,10,211
16201.0,1286,1863.47,4,74
14887.0,1100,1862.0,1,6
12423.0,1339,1859.31,8,97
14305.0,1089,1858.96,3,96
12963.0,881,1856.63,8,75
17293.0,1135,1854.06,9,93
14472.0,1135,1852.67,8,153
16979.0,865,1852.0,6,64
12383.0,1532,1850.56,5,84
17873.0,1035,1848.96,5,24
12381.0,808,1845.31,5,70
17519.0,1236,1844.02,6,60
14524.0,669,1843.83,9,161
18180.0,1721,1843.75,6,108
12950.0,1380,1843.0,3,13
16102.0,942,1842.14,3,41
16455.0,988,1841.18,7,69
14113.0,745,1840.42,4,26
14216.0,594,1839.3,4,47
13924.0,1575,1838.8500000000001,6,90
17015.0,1978,1838.6100000000001,3,182
14459.0,760,1837.92,1,37
18287.0,1586,1837.28,3,59
13650.0,922,1836.34,6,79
15827.0,882,1836.0900000000001,14,72
14665.0,740,1835.7,5,63
13421.0,1128,1833.71,2,88
16152.0,642,1829.04,1,29
15203.0,1753,1827.8,6,82
17702.0,1353,1824.37,4,58
16153.0,1073,1824.23,5,78
17705.0,963,1823.52,9,63
16169.0,1325,1822.97,4,71
17828.0,667,1820.09,4,54
13048.0,1228,1819.41,4,77
17787.0,896,1817.54,4,94
17629.0,1629,1814.12,8,106
15260.0,885,1810.77,7,62
16474.0,909,1810.65,7,237
13481.0,1142,1804.56,5,98
17663.0,797,1802.91,7,63
15812.0,922,1801.14,5,36
16249.0,950,1800.07,5,67
13562.0,757,1799.33,3,50
13196.0,1224,1797.78,4,97
17648.0,487,1797.5,4,81
12348.0,2341,1797.24,4,22
18235.0,1578,1796.48,3,100
13134.0,1059,1793.58,4,94
18179.0,1360,1793.17,6,86
18122.0,1225,1793.06,6,239
13510.0,1386,1791.56,4,86
12523.0,865,1789.77,11,84
14215.0,1358,1789.72,6,98
14621.0,993,1788.3600000000001,5,80
13875.0,1316,1786.79,5,79
14608.0,437,1785.15,4,8
14935.0,935,1784.71,1,10
15220.0,1393,1778.96,6,110
12645.0,1084,1775.18,4,58
17092.0,1130,1774.03,4,99
15594.0,983,1771.78,5,85
15473.0,672,1771.2,7,4
16681.0,1407,1770.34,6,18
16719.0,1175,1770.22,7,107
13456.0,765,1766.72,6,43
16751.0,1031,1764.72,1,24
12424.0,740,1760.96,2,30
12823.0,230,1759.5,5,1
12349.0,631,1757.55,1,73
15241.0,1818,1756.44,8,82
16359.0,1183,1750.92,9,39
13808.0,782,1747.66,5,70
15067.0,954,1744.76,3,82
15950.0,719,1744.71,4,86
16380.0,1428,1743.1499999999999,1,28
13157.0,1439,1741.22,4,69
14595.0,978,1740.6,6,94
17930.0,1594,1740.48,5,26
17353.0,1200,1740.0,2,5
17457.0,826,1737.7,5,14
15050.0,1216,1737.69,3,68
14673.0,1004,1736.4,5,39
17043.0,998,1735.18,4,100
14387.0,795,1727.6,3,125
13564.0,636,1724.67,3,68
17451.0,1203,1721.4,7,83
14834.0,734,1720.3,6,43
15267.0,944,1717.36,5,8
17162.0,1001,1715.46,10,81
13763.0,728,1714.96,1,15
17147.0,882,1714.59,4,68
14441.0,446,1712.89,4,43
17750.0,3747,1710.45,9,101
12405.0,857,1710.39,1,54
15947.0,898,1708.24,1,29
12407.0,1416,1708.1200000000001,5,57
16902.0,629,1706.88,1,43
15240.0,1369,1706.57,5,58
16398.0,758,1705.8,2,75
16791.0,757,1705.78,7,218
12843.0,781,1702.26,8,69
17193.0,1254,1699.3000000000002,7,17
13824.0,768,1698.94,5,34
17813.0,752,1698.07,5,297
12764.0,386,1693.88,1,45
16007.0,1388,1693.81,4,221
14245.0,976,1693.45,2,107
16671.0,875,1692.27,3,3
16775.0,439,1691.51,11,84
15380.0,376,1690.2600000000002,5,22
17152.0,517,1689.5,3,9
12635.0,1172,1689.18,2,96
13162.0,1713,1688.29,4,74
13577.0,791,1687.6000000000001,4,61
17282.0,1866,1685.46,3,79
15549.0,694,1681.46,3,104
16638.0,1255,1680.72,10,92
13149.0,1280,1676.06,4,76
17656.0,1399,1674.69,5,67
13184.0,1662,1668.95,10,138
17754.0,1816,1664.65,5,82
12912.0,670,1662.3,5,17
12530.0,913,1662.28,4,51
15214.0,1254,1661.44,8,109
15332.0,652,1661.06,4,29
12967.0,438,1660.9,2,19
16115.0,994,1660.8799999999999,8,169
14045.0,535,1659.75,4,4
15953.0,891,1657.28,8,63
15826.0,963,1654.31,3,64
16813.0,1501,1652.18,10,248
16711.0,833,1651.03,5,18
14837.0,1436,1649.5,4,96
13647.0,887,1648.1200000000001,4,65
17284.0,1362,1647.48,6,229
13750.0,516,1647.26,5,20
13012.0,820,1646.8400000000001,8,67
12657.0,1044,1643.18,4,35
15002.0,862,1641.76,4,93
14573.0,534,1639.82,9,127
13627.0,1269,1638.47,5,84
15024.0,902,1636.43,10,105
12398.0,1394,1635.6599999999999,1,85
15122.0,800,1633.78,3,65
14164.0,1033,1631.77,2,28
12377.0,944,1628.12,2,72
14759.0,569,1625.97,3,92
13425.0,1123,1624.21,3,66
16515.0,826,1624.14,5,89
15172.0,1611,1624.05,5,106
14937.0,484,1621.88,3,33
17101.0,815,1621.73,4,28
18161.0,812,1618.69,5,49
16987.0,401,1616.8,7,74
14336.0,1759,1614.91,4,77
16992.0,860,1614.31,5,84
15791.0,731,1612.69,2,66
14312.0,1012,1611.59,6,74
14918.0,675,1610.15,2,39
12868.0,928,1607.0600000000002,6,72
16817.0,822,1604.75,9,73
12947.0,1165,1603.99,6,83
15660.0,1050,1600.86,9,55
14178.0,1494,1600.26,7,191
16496.0,1111,1599.52,3,92
16466.0,785,1595.96,7,103
13850.0,944,1595.48,1,93
17673.0,1462,1594.97,6,118
16801.0,493,1594.23,4,72
16676.0,636,1592.1200000000001,4,75
14970.0,250,1592.06,4,24
15611.0,504,1591.45,13,23
18178.0,983,1590.81,4,80
14442.0,482,1589.82,2,58
13614.0,564,1585.46,4,171
16332.0,797,1582.8,7,125
12393.0,816,1582.6000000000001,4,47
14719.0,1025,1581.84,5,177
14587.0,749,1580.29,9,170
12607.0,1228,1579.51,1,101
13814.0,864,1579.12,2,37
16889.0,925,1578.67,3,112
13186.0,820,1575.89,3,69
17671.0,772,1572.71,4,40
16283.0,1236,1570.81,5,117
12865.0,925,1568.23,2,86
15906.0,544,1567.69,7,113
15111.0,710,1567.48,3,70
15532.0,515,1564.73,4,205
17204.0,646,1564.56,4,44
13659.0,882,1563.0,2,92
17085.0,785,1562.4,5,115
18239.0,795,1561.6100000000001,5,80
14038.0,965,1560.38,3,64
16394.0,2604,1555.34,5,61
13313.0,851,1555.32,5,47
15620.0,915,1553.18,3,92
15117.0,1948,1551.78,5,63
13634.0,700,1547.3600000000001,5,156
14229.0,610,1547.2,3,29
16790.0,898,1545.6200000000001,6,88
16369.0,1030,1545.41,3,91
13397.0,430,1544.13,5,28
12818.0,929,1542.08,1,14
17837.0,510,1541.23,8,110
16365.0,504,1540.42,9,45
17159.0,1111,1538.88,3,96
13849.0,1016,1537.95,2,97
12877.0,1178,1535.77,12,100
15392.0,1277,1535.53,4,74
15625.0,1188,1534.26,4,44
13320.0,1086,1532.2,4,77
13107.0,1293,1531.6200000000001,4,54
12759.0,902,1531.44,3,81
14321.0,2406,1530.75,5,111
14567.0,412,1530.3600000000001,2,33
15701.0,912,1529.0,4,193
16244.0,855,1522.75,2,88
16066.0,935,1521.04,5,77
13213.0,1360,1520.58,5,82
13764.0,926,1519.42,3,183
14267.0,530,1516.24,3,25
13791.0,1200,1516.0,2,7
16748.0,880,1515.9,5,42
16053.0,1793,1511.95,2,81
16434.0,760,1511.8,7,88
16910.0,884,1508.96,8,318
15265.0,612,1506.1200000000001,2,76
12937.0,1007,1504.27,4,81
15916.0,752,1502.8600000000001,8,124
16279.0,1046,1502.78,3,102
13810.0,312,1499.01,3,32
15530.0,938,1497.31,4,90
14414.0,2512,1496.98,7,79
14704.0,1043,1493.96,9,288
17002.0,679,1493.73,3,41
16880.0,746,1491.43,7,121
15057.0,668,1489.5,2,25
13110.0,388,1488.67,7,109
13692.0,1226,1488.32,3,48
17553.0,1048,1487.6,1,2
14758.0,419,1484.06,4,54
16395.0,1472,1482.06,5,150
18016.0,1027,1477.66,5,90
14878.0,799,1476.09,9,62
14403.0,519,1475.81,4,17
16755.0,1058,1475.43,3,133
12826.0,1058,1474.72,7,58
14246.0,804,1474.06,3,57
14963.0,1159,1472.34,5,149
15128.0,1343,1471.0,4,74
17590.0,822,1468.02,3,162
16016.0,602,1465.51,8,156
14875.0,558,1465.3200000000002,2,46
15983.0,886,1465.12,4,82
12882.0,246,1463.04,2,12
14233.0,680,1462.72,4,30
17063.0,770,1461.14,7,66
16996.0,544,1456.96,6,13
13309.0,1544,1456.79,5,82
13477.0,1021,1454.58,6,57
14541.0,641,1453.35,8,71
16059.0,641,1453.16,6,126
14404.0,827,1449.32,6,70
14740.0,735,1448.21,3,85
17073.0,759,1446.09,4,142
13717.0,1959,1445.01,6,92
13461.0,1170,1445.0,3,14
17175.0,866,1443.69,4,42
14071.0,994,1437.57,8,271
15987.0,1533,1432.77,7,110
14566.0,800,1432.0,1,4
16503.0,569,1431.93,4,71
13475.0,1012,1431.78,4,64
15427.0,967,1430.54,3,233
16103.0,558,1429.64,6,30
13159.0,1058,1429.35,4,114
14035.0,739,1428.02,5,41
15858.0,1163,1427.57,5,145
15681.0,816,1426.16,5,32
17571.0,876,1425.67,4,247
15106.0,1181,1422.52,5,90
16463.0,1163,1422.4,4,74
16571.0,1239,1421.69,3,73
14019.0,1037,1421.61,3,37
14901.0,661,1421.29,9,73
14443.0,938,1420.2,4,84
16173.0,575,1418.32,6,70
17856.0,842,1418.03,4,12
17288.0,1201,1417.63,7,118
14748.0,1223,1415.75,5,87
16348.0,805,1415.65,7,157
16012.0,799,1415.29,3,87
16245.0,1014,1413.66,3,80
15237.0,1071,1412.32,4,94
15444.0,759,1411.21,2,191
15596.0,561,1406.59,5,51
17083.0,772,1405.78,3,24
16271.0,1024,1404.64,5,89
15426.0,656,1404.07,5,217
18116.0,837,1403.1100000000001,8,230
14649.0,1004,1402.59,4,148
15563.0,1501,1400.44,4,88
14741.0,841,1400.34,6,35
15478.0,575,1399.92,2,34
18202.0,581,1396.99,3,55
13995.0,879,1393.69,5,55
17354.0,1006,1393.06,1,15
15810.0,861,1391.98,4,66
13414.0,1574,1390.5,3,23
13516.0,985,1389.41,3,43
16539.0,477,1388.81,4,36
15134.0,887,1387.99,8,44
12952.0,653,1387.79,4,64
12775.0,877,1386.04,5,47
13308.0,843,1385.51,3,49
18167.0,382,1384.8600000000001,3,24
17311.0,1005,1384.85,2,55
13572.0,534,1384.25,1,32
15898.0,567,1383.83,5,70
15051.0,1010,1383.3600000000001,3,130
14116.0,707,1382.74,5,61
16389.0,1242,1382.07,4,33
17621.0,514,1379.9,3,24
12886.0,770,1378.4,2,75
15569.0,666,1375.71,5,27
14434.0,368,1372.8,6,3
15453.0,837,1371.77,7,169
17676.0,922,1371.18,6,49
15095.0,1079,1370.6,4,30
14507.0,594,1367.88,6,79
13813.0,552,1366.8600000000001,4,54
14897.0,468,1366.38,4,43
13396.0,600,1360.99,2,42
16726.0,945,1358.74,5,121
17054.0,804,1356.33,5,64
14859.0,671,1353.74,4,47
15116.0,648,1352.75,4,37
16079.0,864,1352.0,3,18
16493.0,1164,1351.63,4,40
12770.0,743,1351.45,1,12
15411.0,529,1348.93,4,86
16669.0,881,1348.88,3,141
12646.0,897,1346.97,2,43
14154.0,465,1345.62,2,52
15398.0,769,1345.53,2,60
12463.0,776,1344.78,4,65
16317.0,890,1341.65,3,64
13743.0,1776,1341.6,7,8
18177.0,709,1340.8700000000001,6,53
16045.0,897,1340.7,4,71
13501.0,560,1340.32,1,52
15734.0,346,1339.45,2,25
12620.0,1181,1339.41,3,89
15059.0,604,1337.72,9,161
17372.0,747,1337.18,8,215
12919.0,673,1335.19,6,34
14064.0,1772,1334.34,5,59
15680.0,952,1333.68,3,61
17932.0,789,1331.57,3,84
12676.0,670,1331.39,6,33
16295.0,841,1328.55,4,70
13232.0,773,1328.35,7,147
15146.0,1473,1327.16,2,90
17633.0,644,1324.84,4,59
17095.0,618,1324.16,3,69
16110.0,720,1320.95,3,283
14591.0,1228,1320.21,4,138
14794.0,673,1319.91,7,68
16083.0,908,1317.62,2,31
12526.0,632,1316.66,3,64
12854.0,626,1316.25,3,95
14921.0,953,1316.07,2,78
12576.0,967,1315.83,5,72
14511.0,784,1314.81,5,53
14738.0,601,1314.45,7,39
14973.0,369,1314.45,3,29
16040.0,684,1313.55,3,57
12364.0,1506,1313.1,4,70
17004.0,771,1312.1399999999999,2,38
12516.0,875,1312.06,2,20
14477.0,720,1309.6,4,7
16120.0,878,1309.14,4,26
14047.0,381,1308.6100000000001,5,22
13328.0,680,1308.48,1,17
14297.0,865,1305.33,4,48
12507.0,894,1304.81,3,19
17919.0,756,1304.04,1,23
15813.0,603,1303.9099999999999,2,40
16370.0,640,1301.91,4,143
15108.0,499,1300.25,4,50
13168.0,670,1299.59,4,102
12488.0,529,1298.66,3,46
16464.0,952,1298.66,3,152
12372.0,794,1298.04,3,34
15602.0,1137,1297.8700000000001,9,30
17961.0,560,1296.44,39,211
16929.0,929,1295.39,7,51
16224.0,1116,1295.3,4,90
15621.0,501,1293.03,4,11
16744.0,798,1291.91,7,198
16101.0,757,1290.7,1,76
14856.0,711,1290.53,3,65
15171.0,290,1289.5,1,5
15136.0,776,1286.7,4,61
16949.0,791,1286.27,6,57
17802.0,752,1285.04,3,102
17350.0,770,1281.32,4,66
13538.0,175,1280.85,7,10
15494.0,1139,1280.58,2,120
16951.0,1318,1277.75,3,73
16692.0,152,1276.0,2,2
12394.0,819,1272.48,2,26
13878.0,463,1271.57,1,35
16899.0,520,1271.06,6,80
12630.0,548,1270.88,2,60
13492.0,408,1269.84,3,38
14898.0,1001,1269.31,6,86
13431.0,672,1269.1,2,44
14916.0,1136,1268.98,4,72
15199.0,396,1268.7,4,5
16660.0,571,1267.6499999999999,4,16
17037.0,656,1267.32,1,75
17158.0,778,1266.97,3,53
14105.0,800,1266.23,1,74
13989.0,1313,1266.08,2,33
16842.0,693,1264.19,3,45
15497.0,624,1262.2,2,13
16688.0,804,1260.86,4,52
17388.0,1068,1259.56,4,13
15009.0,639,1259.43,3,148
14669.0,770,1259.24,3,158
17019.0,820,1258.08,4,166
17412.0,738,1258.06,7,48
13151.0,363,1257.8700000000001,1,73
14931.0,417,1257.68,5,30
16639.0,510,1257.51,3,48
17481.0,1061,1255.59,4,69
13848.0,3700,1255.0,3,3
17262.0,367,1253.3600000000001,5,9
14383.0,817,1247.69,3,49
12689.0,628,1247.61,2,57
13029.0,134,1247.5,3,8
12494.0,707,1246.1000000000001,7,63
13860.0,591,1245.9,5,58
16531.0,915,1244.59,7,68
17584.0,458,1242.3,2,30
17588.0,676,1240.2,3,19
17731.0,493,1240.11,4,54
12985.0,1533,1239.38,2,73
13476.0,417,1238.47,2,56
14893.0,799,1237.8500000000001,2,72
13931.0,725,1237.53,2,56
15201.0,1210,1236.54,5,35
18080.0,642,1231.5,2,2
18171.0,481,1231.31,5,43
15910.0,1013,1228.88,8,215
14913.0,1743,1227.43,4,76
12997.0,664,1226.89,4,45
12412.0,829,1226.88,3,43
15841.0,942,1224.06,4,36
14428.0,428,1224.06,5,108
15376.0,615,1221.56,3,100
15004.0,623,1220.77,1,154
14745.0,1038,1220.26,5,46
15227.0,750,1219.4,5,43
13208.0,803,1217.65,6,124
14698.0,602,1217.27,5,148
13491.0,903,1215.82,10,73
17410.0,616,1214.72,5,57
13055.0,894,1214.41,3,74
17774.0,508,1213.73,4,123
18263.0,1468,1213.1599999999999,3,59
13918.0,1140,1212.8400000000001,2,30
16653.0,733,1212.66,2,67
12464.0,112,1212.05,8,6
17653.0,1409,1207.56,4,44
16762.0,480,1207.24,3,51
14684.0,821,1201.51,5,231
13158.0,784,1201.06,4,59
17320.0,634,1200.6200000000001,3,57
15605.0,441,1198.23,5,61
13118.0,410,1197.81,5,68
16794.0,923,1196.5,10,142
17720.0,576,1195.94,4,39
17526.0,310,1195.8999999999999,4,17
15145.0,756,1194.73,4,54
12611.0,846,1193.32,1,65
13882.0,953,1191.13,5,54
12462.0,536,1189.59,2,51
15737.0,597,1188.1200000000001,8,60
16612.0,506,1187.66,4,48
17800.0,732,1187.21,9,51
15630.0,800,1186.35,2,57
17058.0,592,1179.89,3,51
16950.0,644,1178.56,3,39
16042.0,743,1177.47,5,68
13752.0,874,1175.38,6,64
12885.0,655,1175.22,3,66
12640.0,311,1174.58,3,47
15306.0,810,1174.35,3,57
14857.0,464,1173.12,2,58
12358.0,248,1168.06,2,13
13500.0,609,1166.77,3,60
14487.0,712,1165.48,6,112
14737.0,345,1164.55,3,15
14261.0,406,1163.45,2,52
14447.0,571,1163.23,5,54
16800.0,524,1162.65,1,148
12546.0,633,1161.5,2,59
15088.0,460,1160.07,2,53
18168.0,592,1160.04,6,97
13499.0,1365,1159.11,5,31
16184.0,561,1158.79,6,26
17867.0,508,1157.8700000000001,6,62
17348.0,1398,1156.6,5,180
16637.0,927,1154.47,4,66
13611.0,754,1154.4,3,67
16062.0,800,1153.62,4,50
12710.0,851,1149.02,3,75
17505.0,556,1145.84,2,48
16766.0,536,1145.6,2,17
12769.0,356,1143.6,1,32
17770.0,365,1143.27,5,33
15985.0,1086,1142.42,2,29
16270.0,688,1141.24,1,54
13330.0,751,1140.93,3,37
13819.0,1109,1140.35,3,26
16172.0,787,1140.21,5,52
17135.0,1224,1139.73,7,34
17500.0,17,1138.0,3,3
17302.0,575,1135.63,5,68
17242.0,611,1135.04,2,30
15489.0,608,1134.28,3,47
16989.0,1233,1133.25,6,7
13282.0,307,1132.14,3,29
13310.0,587,1132.03,3,65
18125.0,800,1131.75,4,164
15500.0,572,1131.56,4,64
13447.0,584,1129.14,3,55
16714.0,589,1129.06,3,77
14824.0,525,1127.71,4,19
12609.0,648,1126.85,3,57
14708.0,621,1126.37,3,25
17470.0,1675,1125.07,5,67
14129.0,592,1123.8600000000001,5,31
13772.0,540,1122.63,3,141
13486.0,669,1122.41,3,69
17562.0,817,1122.38,7,48
14723.0,673,1122.3600000000001,6,193
16807.0,778,1121.59,3,57
16086.0,511,1121.39,5,24
15730.0,689,1120.88,3,68
14276.0,744,1119.74,3,52
12842.0,547,1118.99,2,34
17894.0,404,1118.96,8,127
17788.0,211,1117.9,2,3
13591.0,485,1117.13,3,56
17585.0,1650,1116.68,4,176
16350.0,545,1116.47,4,40
12679.0,554,1113.02,4,43
14817.0,655,1110.34,2,52
15069.0,520,1109.53,1,70
12399.0,1178,1108.65,4,47
15933.0,885,1107.46,3,63
16833.0,440,1106.53,4,46
12857.0,343,1106.4,2,37
14102.0,769,1105.8799999999999,5,35
17609.0,719,1105.78,5,199
13064.0,514,1105.59,4,51
14948.0,673,1101.97,6,56
15716.0,738,1101.1100000000001,4,101
17047.0,533,1100.9,3,59
14410.0,567,1100.27,9,153
14744.0,627,1099.98,7,21
15978.0,888,1098.78,1,49
13104.0,504,1098.48,6,14
17966.0,2571,1098.43,5,53
14971.0,639,1097.98,3,144
14161.0,450,1097.6200000000001,3,87
16225.0,493,1096.32,5,109
13211.0,834,1095.42,3,45
13652.0,578,1095.08,3,48
15745.0,421,1094.59,4,57
15608.0,714,1093.68,4,59
18189.0,566,1090.24,2,65
13853.0,312,1090.14,1,23
12534.0,651,1089.18,1,63
15763.0,271,1086.92,2,58
16533.0,611,1082.81,3,112
13610.0,488,1082.33,7,165
14561.0,1014,1080.76,3,67
13744.0,1153,1080.52,2,54
13726.0,1054,1079.6599999999999,2,39
15197.0,469,1079.6100000000001,3,30
12354.0,530,1079.4,1,58
14352.0,538,1078.96,4,44
16094.0,647,1078.23,4,48
16563.0,486,1077.74,1,19
13715.0,562,1077.39,5,89
16049.0,763,1074.81,3,248
13131.0,447,1073.3,3,30
15712.0,486,1072.3600000000001,5,41
15238.0,692,1071.99,3,49
13467.0,580,1071.91,2,89
13521.0,718,1071.73,3,313
17041.0,927,1071.49,3,59
13635.0,677,1071.03,1,62
17522.0,1034,1070.71,5,59
13761.0,642,1070.65,2,68
14212.0,1152,1070.48,1,9
16200.0,516,1068.8700000000001,2,149
16918.0,721,1068.82,6,97
15436.0,574,1067.75,3,243
15027.0,565,1066.1499999999999,4,30
17277.0,430,1065.3500000000001,2,67
14488.0,799,1064.28,1,46
12951.0,503,1064.07,6,53
15801.0,570,1063.95,3,61
12936.0,559,1063.9,4,56
12815.0,379,1063.46,2,38
14411.0,196,1063.0,1,14
16214.0,420,1062.75,3,36
15706.0,321,1060.56,4,50
17727.0,645,1060.25,1,66
18130.0,824,1059.39,3,58
17214.0,272,1059.1200000000001,6,79
13455.0,354,1058.34,2,42
15977.0,1016,1054.73,2,48
12716.0,708,1053.49,2,60
14419.0,483,1051.79,6,112
16416.0,672,1051.4,3,59
15329.0,486,1049.7,3,51
14078.0,310,1049.37,6,46
17287.0,556,1049.06,7,88
15839.0,675,1048.49,3,56
16728.0,671,1048.28,4,218
15777.0,378,1047.11,4,18
15407.0,552,1046.74,4,142
16520.0,558,1046.57,3,129
14293.0,709,1046.56,4,51
15464.0,348,1044.65,1,155
15192.0,918,1044.32,3,36
14389.0,729,1043.46,2,33
15073.0,491,1043.41,3,31
12497.0,1236,1043.1,1,14
13719.0,609,1041.68,5,56
18221.0,791,1041.61,5,59
15434.0,647,1041.48,5,40
16320.0,732,1038.46,2,56
14465.0,398,1038.44,3,107
16175.0,533,1037.59,4,45
17042.0,990,1036.58,5,74
12691.0,394,1035.8,6,21
16260.0,311,1035.45,1,18
13639.0,800,1033.34,1,39
14584.0,381,1033.06,4,68
17724.0,300,1033.0,3,38
12599.0,956,1032.58,7,32
15996.0,380,1032.58,6,103
17405.0,726,1031.41,3,77
12724.0,445,1031.41,4,47
13235.0,441,1031.07,1,53
12717.0,506,1030.98,2,49
13253.0,1572,1030.4,2,35
17033.0,750,1030.14,3,24
15333.0,344,1028.56,1,16
16980.0,739,1028.46,2,71
16682.0,1040,1028.0,5,15
14904.0,1985,1025.44,2,66
16160.0,1162,1025.44,2,20
15658.0,242,1024.1000000000001,5,40
17096.0,339,1022.13,4,46
14346.0,605,1021.58,2,55
13165.0,1376,1021.48,2,40
12572.0,452,1020.42,2,53
13376.0,493,1019.76,3,45
18142.0,1276,1019.52,2,9
13956.0,486,1019.27,5,123
12828.0,494,1018.71,6,46
12514.0,440,1017.68,1,51
13728.0,458,1016.14,6,38
12642.0,552,1013.26,3,39
12739.0,486,1013.04,2,38
17197.0,191,1013.01,1,29
14195.0,760,1012.0,2,7
14775.0,1174,1011.9,3,57
16229.0,318,1010.6,2,46
14446.0,916,1010.35,4,233
12849.0,597,1010.29,2,47
13032.0,375,1010.18,2,55
14224.0,483,1009.73,4,105
16572.0,532,1009.6,3,40
16174.0,651,1009.5500000000001,3,19
17951.0,616,1008.5400000000001,3,18
17646.0,323,1008.39,3,46
14631.0,622,1006.98,3,38
13429.0,1390,1006.8,4,55
13867.0,501,1005.09,3,51
14214.0,751,1004.38,5,64
13410.0,518,1003.06,5,15
14083.0,705,1002.9,9,162
12446.0,351,1002.3100000000001,1,57
12545.0,523,1000.39,2,42
15508.0,440,1000.27,6,78
18143.0,570,1000.16,2,59
12722.0,566,997.63,4,50
15110.0,246,996.1,4,17
15104.0,635,993.54,2,66
17594.0,550,993.18,2,42
13363.0,710,992.5,2,47
14223.0,585,991.13,3,50
16232.0,550,990.88,4,24
14514.0,564,990.2,3,65
17126.0,780,989.45,5,187
15062.0,763,987.86,4,47
18237.0,622,987.1,5,40
14583.0,751,986.96,5,243
17324.0,843,986.48,4,43
13117.0,945,984.91,8,66
17144.0,483,984.57,2,42
12510.0,353,982.5699999999999,2,29
15133.0,680,982.42,3,27
15071.0,269,982.07,2,25
16188.0,782,981.86,4,65
16085.0,636,981.51,5,123
12541.0,680,981.18,3,46
18170.0,409,980.31,3,29
13509.0,1106,979.72,7,27
13350.0,287,979.12,2,36
15132.0,679,977.9300000000001,5,49
14920.0,509,977.77,2,57
13026.0,1620,975.36,5,32
16376.0,691,974.96,2,104
14522.0,525,974.54,4,15
15449.0,812,974.52,3,47
12994.0,459,974.4200000000001,3,52
18194.0,632,973.8399999999999,1,7
16009.0,366,972.11,4,68
15506.0,842,972.08,3,121
13155.0,497,971.76,4,67
17100.0,800,971.74,2,65
14256.0,414,969.0600000000001,2,51
14138.0,600,965.8800000000001,2,40
15793.0,553,965.61,3,6
15860.0,437,965.16,8,105
12550.0,569,964.83,1,57
13138.0,473,962.39,6,31
14006.0,641,962.19,3,22
15156.0,597,961.49,3,51
16419.0,428,958.71,6,36
18192.0,339,957.97,1,45
13823.0,439,957.66,2,39
12697.0,508,957.59,3,37
14629.0,378,955.26,2,133
15948.0,567,955.24,2,51
17244.0,616,954.9,1,31
17097.0,459,954.42,8,153
15835.0,439,954.09,4,47
14540.0,411,952.66,3,64
15421.0,500,950.36,4,40
13636.0,592,949.12,5,57
12822.0,550,948.88,2,41
17044.0,504,948.48,1,6
13748.0,439,948.25,5,24
12458.0,506,947.4,2,35
15747.0,466,946.64,3,52
13261.0,210,944.1,2,8
12820.0,722,942.34,4,55
14075.0,754,942.26,3,33
15289.0,1008,939.78,3,43
17527.0,488,939.37,4,45
17227.0,741,939.32,6,28
16584.0,646,936.08,2,25
14140.0,811,935.05,2,60
16027.0,1147,934.62,6,11
12924.0,481,933.7,4,22
15787.0,534,933.26,3,156
13655.0,605,932.97,2,52
14532.0,284,932.85,4,45
18133.0,1350,931.4999999999999,1,1
16934.0,397,931.03,2,59
17289.0,513,931.02,3,86
17552.0,719,930.41,4,43
17618.0,319,930.28,3,56
16907.0,286,928.76,5,89
14475.0,447,925.85,3,35
14231.0,409,925.71,3,47
17048.0,485,925.35,3,41
15312.0,516,924.85,4,42
13805.0,1900,924.6,2,10
15654.0,475,922.53,2,15
13122.0,585,922.39,2,54
16551.0,970,922.12,3,26
13934.0,390,922.1,1,31
13035.0,644,921.88,2,23
14081.0,592,921.62,2,126
15576.0,394,921.37,1,43
13984.0,679,920.51,5,14
17018.0,176,920.1,2,15
12652.0,505,919.98,1,48
13075.0,485,919.61,1,22
16511.0,405,918.33,3,135
13549.0,458,918.2,7,37
15253.0,866,918.1999999999999,5,52
14015.0,378,917.34,1,20
14712.0,315,917.07,3,21
15707.0,594,916.98,4,126
17236.0,474,916.13,6,88
14141.0,355,915.13,4,27
16216.0,254,914.9300000000001,1,37
16809.0,652,914.69,5,79
15587.0,312,913.6800000000001,4,3
15364.0,493,913.19,2,29
14359.0,371,912.18,3,44
13192.0,595,911.94,2,57
14289.0,292,911.26,6,33
13689.0,512,910.0,1,6
13782.0,369,908.86,6,96
13038.0,360,908.46,3,24
17323.0,760,906.52,7,125
15480.0,303,905.5,1,45
15807.0,430,903.9,3,48
16716.0,120,901.2,2,1
17848.0,398,901.1999999999999,9,41
15511.0,269,900.53,5,117
12940.0,404,899.69,2,87
14625.0,335,899.63,2,51
15079.0,389,895.61,4,46
15865.0,368,895.13,3,37
15211.0,240,894.4100000000001,2,52
15066.0,317,893.59,1,42
12772.0,556,892.47,1,55
16361.0,418,891.21,4,87
13515.0,681,891.12,4,50
15255.0,489,890.85,1,47
14240.0,418,890.34,2,37
14344.0,477,889.9300000000001,8,56
17007.0,597,889.9300000000001,6,50
17829.0,496,889.24,1,30
17537.0,699,887.67,2,74
16900.0,833,887.11,3,78
14623.0,418,886.7,5,108
14449.0,741,885.8,4,201
15822.0,375,885.47,2,28
17704.0,343,885.19,2,27
15799.0,955,884.14,3,94
15907.0,478,882.72,3,175
18236.0,403,882.24,6,42
17109.0,588,881.29,6,107
13662.0,533,881.26,3,50
13037.0,431,881.07,3,44
15076.0,571,880.85,1,49
17027.0,416,877.5600000000001,6,110
15653.0,1200,877.4399999999999,2,4
14770.0,490,876.42,2,49
15100.0,80,876.0,3,1
16513.0,407,874.59,4,33
16657.0,1130,874.43,4,158
13294.0,453,873.74,2,48
15208.0,316,870.12,5,25
13200.0,516,870.09,4,42
13979.0,639,869.87,1,54
17566.0,497,869.77,2,113
12694.0,509,869.67,2,32
13203.0,800,869.46,4,56
17886.0,469,869.28,3,93
17649.0,399,868.49,1,52
14912.0,971,867.85,2,21
14715.0,521,867.38,4,60
16235.0,330,867.31,5,42
14597.0,566,866.24,2,45
16567.0,996,865.6,2,34
13846.0,388,865.0600000000001,3,55
12680.0,443,862.81,4,33
16266.0,398,861.89,7,44
16221.0,714,860.86,3,90
12794.0,592,860.41,2,43
13339.0,326,860.12,1,54
14577.0,353,859.71,4,86
14553.0,493,859.27,5,103
13566.0,567,856.84,2,134
16163.0,192,856.6,2,5
12693.0,255,855.91,4,35
17064.0,316,855.45,3,53
16037.0,428,855.02,3,37
12878.0,547,854.99,2,38
17560.0,635,854.95,4,22
16121.0,576,854.66,2,170
14193.0,445,853.39,2,35
13991.0,995,852.88,6,58
15022.0,527,852.39,4,96
12379.0,407,852.24,2,39
16070.0,457,852.15,2,32
16020.0,487,851.01,3,42
18096.0,788,849.06,3,157
12713.0,508,848.55,1,38
14657.0,466,848.22,4,103
16347.0,341,847.45,2,61
13221.0,244,847.41,2,62
16877.0,458,846.62,6,111
14803.0,370,845.55,3,35
12847.0,873,843.64,1,72
17624.0,554,843.48,2,49
17929.0,108,843.0,4,4
13929.0,143,842.65,2,8
16108.0,615,842.5,1,48
16560.0,500,841.41,2,52
14862.0,772,841.1999999999999,2,47
17076.0,295,841.0799999999999,3,17
14332.0,463,840.21,3,22
13940.0,516,839.14,4,39
17115.0,372,837.5,3,33
16554.0,402,837.1,3,51
15832.0,465,836.79,1,54
12728.0,419,836.33,4,38
16747.0,583,836.06,2,34
17169.0,526,835.78,2,51
13835.0,442,834.57,4,48
17075.0,292,834.12,4,62
16644.0,826,833.78,2,62
15862.0,585,832.88,4,142
14644.0,258,830.76,2,26
16924.0,467,829.89,3,69
13681.0,360,827.83,4,37
12461.0,287,826.88,2,35
12781.0,671,826.74,2,25
16494.0,675,826.53,1,47
12427.0,533,825.8,3,26
15164.0,351,824.58,3,79
16164.0,433,822.48,3,27
12778.0,825,822.23,6,40
13893.0,190,821.1,1,21
17921.0,425,820.23,4,114
17759.0,697,819.96,3,82
13220.0,196,819.2900000000001,4,18
16092.0,628,817.86,3,37
16869.0,583,817.12,4,113
16943.0,145,816.73,3,23
15649.0,192,816.0,2,1
15399.0,611,815.77,3,45
13811.0,68,814.5,3,7
18064.0,384,814.0,2,7
16600.0,1145,813.52,6,50
16621.0,302,813.48,4,22
14421.0,365,813.11,2,25
16284.0,535,812.68,2,87
17980.0,682,811.45,3,23
16460.0,876,811.23,3,128
16276.0,420,810.6000000000001,1,6
16624.0,488,810.5699999999999,2,44
15965.0,434,808.87,4,88
14499.0,496,808.44,3,146
15533.0,289,807.57,3,73
12421.0,484,807.04,4,32
13707.0,351,806.41,2,48
12434.0,394,806.14,2,46
13637.0,405,804.3,3,79
18248.0,511,804.02,2,39
12422.0,370,803.5600000000001,3,39
15644.0,550,803.54,4,166
18265.0,311,801.51,2,44
17114.0,215,801.12,8,85
16367.0,643,800.67,2,123
15561.0,267,800.59,4,27
13720.0,501,799.9,4,42
17905.0,406,798.99,4,33
17703.0,590,798.74,3,47
13280.0,518,798.46,3,67
16438.0,463,798.35,5,74
13389.0,429,797.96,3,50
12701.0,678,797.71,2,50
13336.0,559,795.12,1,51
15831.0,1092,794.64,3,63
15990.0,443,792.11,2,52
13167.0,785,791.33,4,51
14976.0,234,790.86,7,47
13016.0,527,789.89,3,39
16759.0,609,789.79,3,40
13329.0,463,789.0,2,16
14557.0,510,788.38,1,16
13323.0,175,787.85,5,6
13884.0,300,787.6,5,45
16546.0,549,787.15,2,25
13212.0,309,786.83,3,128
13109.0,520,786.54,2,41
12628.0,448,786.46,3,34
15806.0,602,784.58,3,24
18136.0,379,784.33,3,34
17180.0,670,783.97,4,91
16054.0,380,783.9,1,70
15952.0,391,781.91,4,65
17006.0,272,781.78,4,37
15679.0,1170,781.28,4,98
13583.0,725,781.03,1,53
15239.0,594,780.59,2,48
17797.0,498,780.43,3,102
18228.0,238,779.9,2,23
12735.0,368,779.5699999999999,2,38
17411.0,306,778.94,3,39
13375.0,442,778.65,1,37
14815.0,744,778.5,2,53
17414.0,2100,778.0,2,5
16505.0,576,777.6,1,4
13563.0,209,777.53,2,49
12425.0,496,777.2,1,36
15618.0,454,776.851,4,39
15743.0,214,775.96,4,59
13314.0,560,775.94,3,55
13341.0,301,775.85,1,42
16825.0,566,775.1800000000001,2,27
15414.0,443,774.9000000000001,3,37
16043.0,503,773.99,4,30
16222.0,325,773.5500000000001,1,120
15075.0,447,773.03,1,27
17764.0,351,772.55,2,71
17409.0,105,771.85,2,13
15353.0,341,770.12,2,59
14412.0,786,770.03,2,43
12965.0,282,769.8100000000001,1,108
16480.0,455,769.29,1,51
13356.0,325,768.24,1,42
14672.0,454,765.55,2,58
17695.0,779,765.34,2,30
14885.0,724,765.3199999999999,1,15
17516.0,414,764.88,5,113
17268.0,844,763.64,4,3
17466.0,306,763.28,2,41
16806.0,356,762.16,4,68
15599.0,718,761.74,2,50
14883.0,790,761.59,6,39
17425.0,407,759.17,2,42
16036.0,716,758.92,2,55
15568.0,461,758.29,3,27
16725.0,288,758.27,7,110
12413.0,286,758.1,3,29
16205.0,516,757.63,4,73
14550.0,389,757.37,2,38
16770.0,456,757.1,5,116
15223.0,213,755.75,2,14
13370.0,343,754.87,1,39
18104.0,362,754.64,1,38
14234.0,951,754.12,4,122
16470.0,522,752.77,4,120
13730.0,488,752.6,2,38
13030.0,348,752.4399999999999,2,76
16256.0,581,752.4300000000001,1,13
12908.0,1200,750.0,2,1
17146.0,212,749.78,3,33
14923.0,418,749.1,1,44
15656.0,343,748.5,4,46
16859.0,827,747.81,2,50
14201.0,590,747.44,7,32
17387.0,522,746.81,2,71
14050.0,689,746.36,2,49
17034.0,410,745.52,3,28
14790.0,699,745.06,4,30
13950.0,323,745.06,4,33
13236.0,416,744.85,2,34
13354.0,604,743.53,1,51
16730.0,994,743.11,3,75
12374.0,342,742.9300000000001,1,33
16891.0,265,742.43,5,166
12465.0,479,742.1899999999999,2,46
14662.0,578,741.37,4,143
13753.0,512,741.26,1,35
13900.0,430,740.95,3,42
17692.0,672,740.9399999999999,4,34
15252.0,522,740.78,2,44
12603.0,63,739.1999999999999,1,2
14756.0,416,738.96,1,38
12976.0,561,738.6,1,22
17461.0,770,735.82,3,104
15074.0,431,735.67,1,41
15045.0,114,735.66,2,11
15215.0,225,734.94,3,33
15525.0,387,734.37,3,133
16146.0,427,734.13,3,26
17979.0,383,732.41,4,116
13575.0,449,732.0699999999999,5,41
16099.0,434,731.9,3,29
16491.0,478,731.5,1,39
14778.0,306,730.86,2,34
13736.0,496,729.8,2,166
12468.0,366,729.5400000000001,2,36
16261.0,301,728.54,4,98
17666.0,596,728.16,2,14
13077.0,862,728.02,4,99
13623.0,286,727.74,5,75
14055.0,216,725.6400000000001,1,10
16140.0,730,725.18,2,32
12723.0,434,725.07,5,53
15636.0,284,724.76,2,20
12475.0,535,723.38,1,36
17521.0,519,723.2099999999999,3,38
15272.0,310,721.94,2,63
14869.0,549,721.45,2,66
15584.0,313,720.86,4,89
18062.0,396,720.52,3,23
16023.0,358,719.81,3,90
15274.0,619,716.57,2,44
12535.0,219,716.35,2,28
15400.0,390,716.2,5,10
17029.0,400,716.0,2,1
17888.0,973,716.0,8,60
15330.0,1312,714.96,2,10
15757.0,491,714.42,2,43
18035.0,584,713.89,3,44
12616.0,284,713.3,2,25
13169.0,272,712.88,2,11
13147.0,144,712.8000000000001,4,1
17761.0,398,712.78,1,19
13416.0,142,712.5,2,11
13587.0,180,712.4,1,8
17642.0,474,712.29,2,34
15855.0,470,712.24,5,59
13705.0,363,711.86,3,25
17179.0,290,711.79,3,56
13249.0,546,711.41,3,21
14867.0,328,710.28,3,31
16362.0,340,709.99,5,58
14127.0,321,709.71,3,39
16136.0,440,709.38,3,35
15951.0,313,708.22,2,36
16449.0,367,707.69,2,40
12453.0,473,707.09,1,43
16309.0,467,706.57,2,39
14126.0,508,706.1300000000001,3,14
16364.0,279,705.79,2,48
16882.0,424,705.12,3,39
16015.0,907,704.55,3,146
17934.0,478,704.25,2,21
12612.0,262,704.0400000000001,1,19
17974.0,500,703.99,3,143
12883.0,196,703.47,4,39
15103.0,329,703.36,2,35
16997.0,360,702.0,3,7
14179.0,319,701.57,2,135
14198.0,290,701.4,4,35
14356.0,277,701.23,2,33
13238.0,298,700.73,4,20
17734.0,422,700.63,3,40
17812.0,329,699.81,4,113
17423.0,459,698.41,2,26
14829.0,452,697.55,4,39
17472.0,455,697.54,3,142
15800.0,332,696.89,2,116
15700.0,357,696.68,2,85
14009.0,365,695.61,2,42
14959.0,494,695.42,4,37
17884.0,817,695.0699999999999,4,107
15304.0,104,694.4000000000001,8,8
12925.0,541,694.05,2,42
15053.0,984,693.95,3,49
14643.0,815,693.8100000000001,2,30
12410.0,211,693.3299999999999,2,26
13601.0,548,693.32,2,90
14111.0,458,692.85,4,10
17198.0,357,692.22,3,89
17733.0,463,692.19,2,33
14880.0,365,690.59,3,45
16212.0,244,690.34,2,40
17796.0,176,690.0,4,63
18085.0,265,689.95,2,25
13023.0,286,689.9,2,36
15181.0,544,689.4799999999999,3,11
17502.0,376,689.1,4,25
13799.0,402,688.86,2,32
16642.0,479,688.33,2,32
18196.0,431,686.63,2,131
12658.0,320,686.05,1,36
15038.0,212,685.74,6,105
16122.0,1128,684.4200000000001,4,26
15669.0,342,684.34,4,31
17874.0,221,683.46,6,37
14222.0,607,683.17,1,41
15582.0,453,682.9100000000001,3,39
17341.0,443,682.29,3,147
18135.0,349,681.9100000000001,5,11
17397.0,250,681.41,2,88
12478.0,236,680.99,1,36
18082.0,608,680.84,1,62
13524.0,324,680.1800000000001,5,17
16872.0,600,680.02,3,5
15322.0,416,679.68,1,42
13430.0,751,679.45,2,48
14788.0,421,679.4399999999999,2,26
13925.0,331,678.25,4,28
13548.0,436,678.16,2,114
13388.0,282,677.1,2,35
13040.0,355,676.99,2,38
16377.0,1500,676.2,1,5
15626.0,766,675.8,2,49
17462.0,227,675.69,2,25
15574.0,332,675.64,4,131
18156.0,283,675.64,2,100
12942.0,198,675.6,3,68
13607.0,288,675.51,1,93
13325.0,240,675.3,1,12
17994.0,495,674.89,4,63
13838.0,254,674.82,4,144
13355.0,314,674.7,1,32
13464.0,403,674.68,1,41
17749.0,320,674.52,2,33
13951.0,459,674.45,3,38
14504.0,308,673.26,4,85
13258.0,282,672.83,3,28
14628.0,272,671.96,2,22
12838.0,355,671.95,2,115
12638.0,577,671.69,1,39
12418.0,407,668.58,1,34
14342.0,347,668.5600000000001,4,18
13741.0,218,668.4300000000001,3,34
16268.0,533,667.65,2,45
15969.0,124,666.1,3,20
17105.0,693,665.78,2,80
13963.0,460,664.54,4,35
17883.0,374,664.34,4,133
16208.0,333,664.26,2,61
13596.0,384,664.11,2,133
15643.0,246,664.0,3,31
14720.0,219,663.81,3,34
13240.0,298,663.65,4,59
16573.0,360,663.61,2,40
16774.0,322,661.52,4,36
13028.0,798,661.3199999999999,2,40
14603.0,400,660.0,1,2
15492.0,483,659.4599999999999,2,32
13759.0,287,659.4100000000001,2,24
16357.0,246,658.88,3,31
14150.0,496,658.64,2,23
16696.0,146,657.9000000000001,4,7
14818.0,324,657.8,3,41
17459.0,537,657.3,2,88
15677.0,319,657.23,1,33
17321.0,364,657.16,2,94
16157.0,347,656.69,3,12
13049.0,268,656.6800000000001,2,14
16708.0,285,656.63,1,27
17299.0,668,656.61,4,50
16127.0,323,656.25,1,40
14894.0,265,655.75,1,23
14725.0,588,655.58,1,45
16444.0,407,654.67,4,68
14651.0,343,653.75,2,95
17398.0,310,653.38,3,30
18151.0,355,653.35,2,38
13496.0,341,653.33,2,28
18121.0,438,653.3,2,28
15205.0,378,653.24,2,37
15031.0,400,653.19,4,74
14548.0,256,652.8,2,2
17523.0,872,652.74,4,25
16056.0,345,650.75,1,66
15571.0,264,650.4300000000001,4,47
16969.0,816,650.41,3,42
17779.0,396,650.32,3,73
14034.0,420,648.89,3,82
16495.0,328,648.26,3,78
17777.0,501,647.56,3,141
17373.0,408,646.92,4,47
16014.0,258,646.83,3,123
16734.0,345,646.76,3,44
12589.0,306,646.68,2,29
14044.0,304,646.42,4,165
15651.0,479,646.3,3,27
14855.0,267,645.65,2,13
12719.0,374,644.95,2,34
17312.0,372,644.3,3,11
14451.0,378,643.9,2,86
16383.0,467,643.76,2,80
14020.0,441,642.8,2,37
13034.0,369,642.77,2,37
15384.0,596,642.41,2,34
17545.0,337,642.32,3,122
17046.0,510,642.02,1,22
15297.0,292,641.94,3,30
18218.0,536,641.92,2,17
12365.0,174,641.38,2,22
12624.0,355,641.13,2,36
13417.0,162,640.83,2,26
13318.0,304,640.76,3,14
12631.0,236,640.5,1,31
14301.0,606,640.14,1,13
15648.0,218,639.5,2,23
17515.0,243,639.02,4,49
18160.0,294,638.0600000000001,2,37
14754.0,486,638.05,2,38
14128.0,564,637.5,2,40
14481.0,489,636.51,2,25
14664.0,465,636.24,2,78
15829.0,996,636.14,2,44
15773.0,311,635.6800000000001,1,10
14000.0,710,635.66,1,15
16139.0,330,635.41,3,25
13892.0,983,632.97,4,26
14220.0,272,632.4,2,21
16306.0,487,632.27,6,36
18183.0,371,632.07,2,36
13822.0,611,632.0,2,90
14021.0,192,631.9,3,22
15244.0,405,631.57,2,31
17985.0,171,631.35,1,20
13539.0,320,631.34,3,35
16418.0,280,631.12,3,76
17990.0,414,630.84,3,27
13046.0,264,629.31,2,33
13525.0,394,628.78,2,5
14687.0,470,628.38,1,15
13518.0,382,627.16,1,36
15028.0,459,627.13,4,35
15402.0,694,626.77,2,35
14036.0,268,626.65,1,38
12577.0,469,626.6,3,137
13914.0,380,626.45,2,28
16469.0,260,625.42,4,148
16750.0,214,623.93,5,74
12649.0,586,623.51,3,28
15147.0,366,623.5,1,28
13368.0,327,623.4,2,29
16431.0,442,623.28,3,51
15258.0,142,623.16,2,32
17499.0,711,622.88,1,40
15182.0,253,622.85,2,24
17460.0,236,622.4300000000001,6,18
15768.0,244,621.8299999999999,3,23
18217.0,491,621.75,2,27
16915.0,132,621.6800000000001,6,46
17640.0,250,621.66,1,5
14152.0,711,621.29,2,47
13402.0,479,621.23,2,32
13546.0,357,621.09,3,72
16141.0,238,620.4,1,30
12667.0,395,620.13,1,33
13493.0,380,618.63,2,6
16613.0,293,618.59,1,30
13145.0,145,618.52,4,5
12596.0,474,618.27,2,25
13301.0,345,618.09,4,75
16134.0,371,618.09,2,34
14593.0,330,617.15,3,127
14377.0,219,617.05,2,11
16311.0,394,616.26,2,35
14905.0,287,616.15,2,14
14382.0,1231,615.49,1,121
15275.0,498,615.14,1,41
16566.0,362,614.66,5,14
16116.0,248,612.78,1,34
18022.0,703,612.72,1,141
12513.0,462,612.29,1,35
18149.0,310,612.0799999999999,3,11
15232.0,686,612.06,2,26
15645.0,256,612.01,1,50
16109.0,612,611.88,2,18
16763.0,319,611.85,1,23
13731.0,278,610.59,2,36
12673.0,351,610.52,2,42
15795.0,581,610.01,1,42
14636.0,241,609.85,2,27
13357.0,321,609.4,1,85
16442.0,443,609.3,3,161
13933.0,205,608.7900000000001,2,23
12933.0,499,607.53,3,102
17119.0,334,606.91,2,35
16718.0,407,606.0500000000001,1,41
17849.0,114,605.8000000000001,4,14
14133.0,348,605.64,3,25
17507.0,359,605.58,2,79
13233.0,1004,605.12,2,43
14323.0,350,605.0600000000001,2,32
17664.0,604,604.64,2,41
12944.0,289,604.51,2,29
16732.0,317,603.75,1,28
12707.0,256,603.42,1,33
16022.0,255,602.63,1,68
15366.0,621,602.51,2,37
12654.0,264,601.98,5,31
14609.0,7026,601.56,4,2
16654.0,282,601.27,4,29
12420.0,345,600.39,1,29
18211.0,359,600.07,5,37
12872.0,319,599.97,2,58
12521.0,309,599.68,1,38
12556.0,355,599.56,2,100
14710.0,375,599.48,4,124
17420.0,265,598.83,3,28
15720.0,281,598.73,1,128
13311.0,305,598.57,2,25
16298.0,198,598.2,3,22
14108.0,381,597.91,2,33
14645.0,381,597.09,2,28
15381.0,171,596.85,2,8
14675.0,336,596.36,1,93
14467.0,276,596.26,4,67
18246.0,166,596.1,2,3
14965.0,363,596.09,2,80
13888.0,254,595.67,2,38
17658.0,616,595.42,2,17
14284.0,161,595.25,2,24
13558.0,338,594.52,4,123
16788.0,304,594.39,2,138
16325.0,194,594.24,3,14
13959.0,355,594.04,3,79
15442.0,120,594.0,1,2
12917.0,120,594.0,1,2
16535.0,356,593.75,1,31
18232.0,302,592.97,4,31
16203.0,262,592.9,4,27
14692.0,265,591.55,4,53
15573.0,355,591.1899999999999,2,88
13276.0,161,590.9300000000001,2,30
13270.0,200,590.0,1,1
13452.0,2,590.0,2,1
14882.0,158,589.7,2,6
16838.0,185,588.85,2,24
14338.0,335,588.22,2,30
15624.0,357,588.13,4,26
17351.0,113,587.15,3,22
17890.0,402,586.89,2,88
12384.0,126,585.27,2,26
13243.0,232,585.12,1,56
15222.0,440,585.0,1,5
16384.0,260,584.5,2,33
16072.0,140,584.3199999999999,1,23
14023.0,345,584.07,2,30
13557.0,546,584.06,2,31
15762.0,251,583.75,2,37
17014.0,243,583.4300000000001,3,63
12426.0,258,582.73,1,30
13427.0,545,582.6,3,25
12695.0,220,582.1,4,23
17259.0,388,581.23,2,104
18095.0,419,580.0500000000001,2,20
17142.0,81,579.0,1,15
13292.0,347,578.9399999999999,2,29
17540.0,194,578.9,2,20
16005.0,280,578.71,4,173
14529.0,325,578.61,3,177
12601.0,245,577.0600000000001,5,21
14176.0,209,576.9000000000001,4,28
16723.0,398,576.4,2,37
15830.0,415,576.0,1,39
15550.0,295,575.63,4,43
13487.0,265,575.4,3,26
14400.0,454,574.7,1,25
18123.0,582,574.4399999999999,2,31
15339.0,416,574.07,2,77
15303.0,248,574.02,1,31
12879.0,370,573.22,3,7
13379.0,601,572.56,3,85
13405.0,165,572.451,3,25
12816.0,128,572.2,2,27
13816.0,269,571.6700000000001,2,25
17616.0,224,571.1999999999999,3,1
15821.0,202,570.96,2,57
15315.0,862,570.5,2,35
13939.0,847,568.55,3,43
17360.0,328,568.24,3,113
13321.0,372,567.36,2,10
16667.0,236,567.1800000000001,2,52
18150.0,332,566.58,3,29
16278.0,114,566.38,1,23
16345.0,288,565.46,1,35
13894.0,354,564.62,3,25
15344.0,116,563.94,3,21
16933.0,288,563.23,2,42
14753.0,211,563.15,1,30
17970.0,513,562.79,1,27
14167.0,147,562.59,4,27
12414.0,300,562.41,3,16
16916.0,431,562.41,2,129
12559.0,283,561.71,2,21
13946.0,443,561.5699999999999,3,11
15655.0,324,560.67,1,34
13044.0,429,560.47,1,33
14273.0,264,559.97,4,22
16275.0,336,559.87,1,33
15415.0,551,559.61,1,46
16906.0,263,559.59,4,74
12866.0,171,559.12,1,26
17503.0,486,558.96,2,36
12987.0,219,558.7,2,27
13800.0,331,558.32,1,33
14592.0,407,557.94,3,132
13260.0,142,557.62,1,8
17955.0,273,557.3,4,14
16385.0,258,554.86,3,52
17864.0,706,554.85,3,70
14891.0,505,554.38,2,30
14618.0,264,553.44,3,10
15068.0,364,553.36,2,96
12363.0,408,552.0,2,23
17674.0,672,551.04,2,19
17291.0,72,550.8000000000001,1,1
17235.0,224,550.06,2,24
17265.0,389,550.01,2,106
12390.0,353,549.84,1,32
14177.0,204,549.46,4,37
16536.0,250,548.12,1,49
16031.0,421,547.9,2,91
14474.0,140,547.66,1,29
16811.0,477,547.07,2,26
17637.0,280,547.0600000000001,2,35
16211.0,154,547.02,1,23
17295.0,293,547.0,3,53
17520.0,365,546.81,1,30
14805.0,114,546.4,4,30
14997.0,1120,546.1999999999999,3,25
17806.0,727,546.04,1,43
12793.0,295,545.48,2,21
16475.0,319,544.3,4,23
13617.0,300,544.18,3,31
13390.0,224,544.08,1,13
16927.0,993,543.05,3,5
13278.0,537,542.73,1,46
16230.0,365,542.03,2,32
17897.0,222,541.8100000000001,3,100
17447.0,443,541.53,2,33
17557.0,306,541.46,3,27
13874.0,180,540.45,1,18
12743.0,315,540.13,2,114
13812.0,333,539.0,3,33
14496.0,159,538.8100000000001,2,16
15469.0,153,538.55,2,24
15539.0,410,538.46,1,41
14539.0,428,537.48,2,31
16206.0,272,537.0600000000001,4,52
15043.0,300,537.0,1,3
16804.0,246,536.99,3,59
16233.0,174,536.6800000000001,3,22
16142.0,422,535.34,1,37
13000.0,379,534.85,3,30
13385.0,281,534.57,1,35
16340.0,486,534.31,1,124
17443.0,504,534.24,1,1
13434.0,300,534.24,2,9
13217.0,262,533.98,3,3
17062.0,418,533.33,4,52
15433.0,534,533.3,2,40
15825.0,220,532.94,1,20
12784.0,280,532.8199999999999,2,54
16706.0,249,531.35,3,108
14265.0,330,530.18,2,31
18159.0,139,530.15,1,23
14002.0,877,529.73,2,47
14463.0,179,529.62,3,6
16185.0,260,529.41,2,31
18043.0,265,529.29,3,106
15452.0,280,528.48,3,47
17631.0,334,528.33,3,39
16602.0,336,528.08,1,29
15756.0,241,528.01,4,160
12479.0,385,527.2,1,31
17623.0,265,527.0500000000001,1,33
15919.0,385,525.69,2,103
17429.0,624,524.9200000000001,3,36
15467.0,310,524.88,3,41
13721.0,316,524.14,1,28
17329.0,142,523.11,2,29
18017.0,300,523.0,3,1
17712.0,215,522.91,1,29
12863.0,188,521.2,1,5
15149.0,128,520.8000000000001,1,23
17345.0,341,519.6899999999999,4,70
14873.0,168,519.68,1,28
12571.0,523,519.61,2,31
13643.0,273,519.44,3,24
16955.0,266,518.67,4,18
16650.0,372,518.42,1,24
15030.0,372,518.28,2,7
18252.0,234,518.27,2,90
16892.0,236,518.19,5,87
16135.0,209,517.55,1,21
17454.0,243,517.53,4,57
18205.0,192,517.36,2,30
13043.0,254,516.42,1,13
15882.0,276,516.36,4,23
15809.0,301,515.77,5,31
12811.0,230,514.85,3,27
15246.0,247,514.15,2,32
13005.0,172,513.7,2,21
17513.0,254,513.2,1,6
17290.0,397,513.01,2,92
17805.0,478,512.31,1,10
17480.0,338,511.82,1,29
15891.0,418,511.68,1,60
12582.0,300,511.36,2,21
14851.0,325,511.35,2,28
16561.0,244,511.12,2,29
15406.0,254,510.71000000000004,2,51
12436.0,211,509.01,1,16
17391.0,480,508.8,2,2
15417.0,284,508.8,1,28
14317.0,255,508.58000000000004,1,24
17958.0,84,508.4599999999999,1,7
17415.0,114,507.84,1,14
14158.0,781,507.66,1,41
14820.0,253,507.29,4,24
16960.0,304,507.05,3,92
13885.0,182,506.8,2,28
16614.0,223,506.19,1,26
12988.0,126,505.82,1,75
14014.0,1076,505.18,1,39
15081.0,190,504.8,5,26
12991.0,405,503.76,2,31
17630.0,158,503.59999999999997,2,24
15535.0,135,502.9,4,55
16863.0,409,502.8,2,25
13865.0,204,501.56,4,26
15881.0,260,501.39000000000004,5,26
14871.0,179,501.28000000000003,4,68
13116.0,291,501.14,1,30
13247.0,328,501.12,4,18
16898.0,412,501.03,3,150
16616.0,370,500.42,2,31
15389.0,400,500.0,1,1
14077.0,268,499.41999999999996,5,33
15193.0,144,499.32,1,19
14681.0,76,498.95,3,6
16488.0,728,498.8,3,28
15142.0,365,498.74,1,26
17053.0,122,498.48,1,13
17298.0,387,498.42,2,30
16820.0,307,497.61,1,26
17495.0,229,497.56,2,21
15300.0,292,496.44,1,28
15018.0,189,496.21000000000004,3,30
12904.0,294,496.06,2,59
17374.0,85,495.77,2,24
15448.0,232,494.64,1,28
16352.0,300,494.44,2,28
17333.0,375,494.25,1,28
12763.0,316,494.08,2,16
14270.0,197,492.65000000000003,1,29
13732.0,498,491.86,1,33
14236.0,310,490.86,2,15
15000.0,218,490.52,1,76
15877.0,368,490.33,2,122
14416.0,326,490.22,2,13
18074.0,190,489.6,1,13
12809.0,220,489.31,1,25
17361.0,157,488.2,3,26
14396.0,225,487.99,2,71
15165.0,160,487.75,1,27
16643.0,269,487.51,1,27
13338.0,256,487.02,1,19
13675.0,330,486.82000000000005,2,25
17453.0,219,486.71999999999997,2,19
15287.0,433,486.69,2,17
13153.0,418,486.22,1,15
12639.0,201,486.1,1,22
15109.0,131,484.95,1,28
16999.0,294,484.82,2,21
16518.0,327,484.32,2,36
13531.0,174,483.8,2,17
14958.0,128,483.72999999999996,3,33
12808.0,188,483.65000000000003,3,27
14147.0,108,483.4,2,4
14450.0,241,483.25,3,32
16603.0,480,482.47,2,34
17950.0,366,482.2,3,63
12504.0,90,482.04999999999995,2,6
18216.0,200,481.75,1,26
13176.0,448,481.49,1,66
14130.0,257,480.91,1,66
15091.0,346,480.71,1,30
15006.0,286,480.38,1,121
17555.0,348,480.31,2,101
16368.0,251,479.91,2,58
16812.0,81,479.35,1,15
16008.0,323,478.78,3,29
15589.0,243,478.53000000000003,3,28
16768.0,196,478.09000000000003,3,47
12644.0,325,477.91,1,31
16693.0,203,477.86,2,58
13092.0,279,477.83,5,19
14320.0,325,477.79,2,29
12447.0,190,476.49,1,26
18176.0,283,476.35,1,30
15507.0,160,475.86,1,41
14853.0,82,475.8,2,8
14497.0,235,475.37,1,29
15780.0,220,475.28000000000003,3,26
14013.0,462,473.02,3,30
16038.0,244,471.78000000000003,3,24
15721.0,388,471.40000000000003,1,80
13066.0,322,470.8,2,48
15963.0,298,470.76,2,26
14431.0,130,470.36,1,17
15026.0,285,469.0,3,57
15557.0,213,468.91,1,16
14896.0,279,468.77000000000004,2,43
13171.0,229,468.41,3,37
14029.0,198,467.66,2,15
15468.0,155,467.51,2,24
13579.0,176,467.04,2,19
16374.0,237,466.73,2,101
14205.0,204,466.7,2,23
16504.0,510,465.88,1,76
13248.0,305,465.68,2,25
16742.0,1,464.9,1,1
13928.0,129,464.57,4,23
16586.0,95,463.95,1,8
15349.0,321,463.90999999999997,2,65
14967.0,140,463.8,1,6
12787.0,261,463.66,3,17
17418.0,289,463.46000000000004,2,29
14489.0,299,463.38,1,30
17964.0,294,463.21,2,84
12945.0,165,462.95,1,23
14331.0,252,462.65999999999997,2,27
14470.0,193,461.19,2,43
16824.0,236,460.64,2,23
16805.0,539,460.59,2,94
12491.0,260,460.40000000000003,1,25
12355.0,240,459.4,1,13
16589.0,368,459.24,3,31
17880.0,314,458.92,1,26
15754.0,199,458.57,3,24
13506.0,324,458.52,2,26
15092.0,135,457.81,2,23
15121.0,199,457.72,2,28
12375.0,178,457.5,2,14
13398.0,281,457.34,1,26
12564.0,133,456.9,1,21
12999.0,342,455.88,3,25
14513.0,361,455.59000000000003,3,11
15585.0,320,455.3,1,31
16529.0,198,455.25,1,30
14335.0,375,454.86,2,55
15471.0,256,454.48,1,67
13485.0,277,454.24,1,23
17140.0,296,454.12,1,16
15475.0,319,454.10999999999996,1,29
17564.0,146,454.01,3,38
18158.0,354,453.4,2,24
12729.0,233,453.01,1,26
18071.0,260,453.0,2,23
14184.0,127,452.89,1,24
12591.0,228,452.84999999999997,1,26
16574.0,416,451.44,1,28
15802.0,1,451.42,1,1
14173.0,150,450.84,4,28
16885.0,178,450.41,3,82
17040.0,181,449.73,1,15
13489.0,560,449.52,4,11
12448.0,243,449.45,1,22
15739.0,472,449.12,1,8
17579.0,258,448.90000000000003,3,46
14780.0,310,447.68,2,26
15646.0,394,447.64000000000004,3,35
15368.0,230,446.94000000000005,1,4
14149.0,218,446.62,1,28
17370.0,540,446.18,4,31
17190.0,161,444.74,2,19
18006.0,220,444.68,1,21
14638.0,166,443.6,1,16
16404.0,157,443.05,1,23
18222.0,335,443.0,1,19
12579.0,285,440.42,1,29
14022.0,487,440.0,1,28
15524.0,4,440.0,1,1
18233.0,4,440.0,1,1
13954.0,150,439.92,2,24
12391.0,293,439.66,1,92
16025.0,338,439.65999999999997,1,28
13359.0,161,439.56,1,23
16968.0,326,439.43,2,31
13358.0,285,439.03,1,29
14272.0,599,437.96,2,33
12552.0,88,437.82,2,20
16034.0,242,437.7,3,18
12592.0,290,437.6,2,11
16084.0,216,436.18,1,38
15551.0,218,436.06,1,29
16948.0,1614,435.02,3,15
15456.0,633,434.59000000000003,3,48
14910.0,238,434.35,4,25
14460.0,881,434.34,3,14
14093.0,391,433.86,1,95
12493.0,207,433.74,2,20
17035.0,229,433.53000000000003,2,27
16236.0,184,432.2,1,20
16881.0,600,432.0,1,1
12452.0,185,430.57,2,21
13245.0,125,430.5,1,16
12795.0,68,430.48,1,14
12827.0,197,430.15000000000003,3,19
16884.0,320,429.84000000000003,2,26
15450.0,376,429.84,1,30
15230.0,351,429.6,2,23
15036.0,316,429.56,3,107
15553.0,449,428.93,1,51
15957.0,211,428.89,1,40
13602.0,267,428.89,1,23
17869.0,111,428.18,5,37
15360.0,223,427.93,1,13
12725.0,164,427.8,1,24
12403.0,96,427.7,1,5
15976.0,275,427.64,2,83
12740.0,342,427.6,1,27
12802.0,314,427.58,1,25
15930.0,139,426.63,1,21
14288.0,188,426.6,1,16
15639.0,323,425.32,1,25
14157.0,271,424.89000000000004,2,45
16119.0,240,423.36,2,14
17525.0,82,422.70000000000005,1,9
13473.0,266,422.64,2,21
16689.0,330,422.59999999999997,2,12
18240.0,126,422.58,1,6
13140.0,185,422.47,3,40
16780.0,270,422.24,2,51
18106.0,126,421.9,1,33
14757.0,160,420.5,1,19
15206.0,162,420.29999999999995,4,3
15889.0,206,420.07,2,79
14124.0,1618,419.58000000000004,1,4
15361.0,336,418.92,1,7
18034.0,559,418.68,2,99
17371.0,151,418.4,3,83
12593.0,206,418.09999999999997,3,14
17701.0,109,417.95,1,24
17232.0,202,417.77,2,30
13615.0,189,417.69,1,23
16737.0,288,417.59999999999997,1,1
12833.0,156,417.38,1,24
17392.0,277,417.27,2,53
13166.0,216,417.2,1,39
16816.0,274,417.06,4,28
13889.0,146,416.90000000000003,1,15
17223.0,110,416.89,2,43
15935.0,115,416.86,2,12
16957.0,172,416.64,2,15
13085.0,216,416.08000000000004,2,17
15803.0,290,415.82000000000005,1,8
14139.0,510,415.82,1,26
12930.0,252,415.8,2,20
12580.0,238,415.7,1,24
15725.0,221,415.25,1,32
14333.0,58,415.2,1,15
18001.0,362,415.13,2,56
16795.0,239,414.88,1,64
14998.0,258,414.87,2,70
12993.0,240,414.76,4,26
15994.0,173,414.27,1,31
16239.0,228,414.2,2,18
17483.0,191,414.04,3,18
13974.0,249,413.59000000000003,1,28
16834.0,358,413.46,1,24
17134.0,98,413.2,2,21
14620.0,214,412.78000000000003,2,26
15523.0,132,412.01000000000005,1,10
16272.0,224,411.7,1,25
15186.0,215,411.41,2,17
15099.0,343,410.48,1,23
15695.0,212,409.98,2,22
14048.0,288,409.93,1,83
13827.0,138,409.8,3,83
14348.0,183,409.57,1,18
12990.0,200,409.5,3,8
15225.0,226,409.40000000000003,1,23
16243.0,110,409.1,2,49
16018.0,190,408.90000000000003,2,26
15269.0,26,408.8,1,2
17913.0,288,408.65,2,55
16629.0,489,408.63,2,58
16324.0,270,408.59000000000003,3,100
17931.0,249,408.36,2,63
16399.0,263,408.02,2,68
15127.0,251,406.53,1,16
16947.0,312,406.48,1,21
15342.0,283,406.09,1,24
14616.0,104,406.08000000000004,3,2
12970.0,268,405.47,4,116
12922.0,370,405.38,1,28
15012.0,225,405.04,2,110
15938.0,240,404.58,5,13
16319.0,72,404.40000000000003,1,3
16484.0,200,404.3,2,25
12498.0,159,403.70000000000005,3,21
17431.0,292,403.3,1,41
15221.0,43,403.25,1,5
18036.0,232,403.12,3,77
15184.0,199,402.2,2,59
12386.0,354,401.9,2,10
15158.0,198,401.40000000000003,1,7
16500.0,123,400.86,6,8
16198.0,129,400.68100000000004,1,15
12792.0,217,400.53999999999996,1,25
17375.0,367,400.1,3,63
18164.0,184,399.65000000000003,1,24
13255.0,177,399.51,2,13
18154.0,255,399.19,2,15
17052.0,251,399.09,1,72
17830.0,92,398.7,3,18
15522.0,572,397.99,2,47
13352.0,321,397.97999999999996,1,24
12508.0,271,397.88,2,57
15967.0,205,397.68,2,73
15429.0,380,397.35,2,77
17926.0,306,397.29,2,17
12824.0,232,397.12,1,25
13594.0,359,396.97,1,26
17486.0,191,396.87,1,24
15883.0,223,396.48,2,42
18067.0,189,396.33,1,36
16354.0,150,395.8,2,38
17603.0,74,394.72,1,11
14619.0,152,394.44,1,20
16207.0,140,394.38,1,19
15386.0,446,394.14,1,31
15264.0,265,393.74,1,23
15345.0,81,393.54,1,20
17226.0,406,393.49,1,21
14600.0,125,393.33000000000004,1,25
14670.0,326,392.86,2,107
16010.0,202,392.4,3,62
15837.0,189,391.98,1,24
16917.0,232,391.52,1,9
12982.0,288,390.54,1,28
18024.0,184,389.78,2,21
17379.0,623,389.71999999999997,1,71
14752.0,260,389.64,1,5
13873.0,140,389.6,3,21
13345.0,141,389.5,1,20
16250.0,208,389.44,2,22
15847.0,449,389.27,2,22
12690.0,106,389.01,1,16
15592.0,354,388.58,1,24
13899.0,156,388.52,2,19
13856.0,494,388.5,3,10
17438.0,103,388.45000000000005,1,17
14538.0,155,388.25,2,19
17817.0,67,387.68,3,32
14420.0,334,387.52,1,29
13673.0,114,387.44,2,47
17508.0,289,387.31,1,22
17595.0,228,386.69,2,68
14114.0,101,386.53,2,15
15664.0,157,386.43,1,17
17614.0,235,386.32,1,97
14779.0,84,386.15,3,40
13821.0,153,385.64,2,51
17711.0,246,385.1,2,22
13919.0,474,384.81,2,24
17357.0,152,384.39,2,41
16204.0,218,384.18,1,45
17205.0,884,384.08,1,13
16982.0,182,384.06,1,22
12733.0,137,383.95,1,22
13833.0,117,383.85,1,28
17189.0,226,383.75,2,52
12515.0,131,383.7,1,16
15440.0,197,383.68,3,50
14304.0,139,383.45,1,17
15424.0,554,383.34,2,17
12832.0,195,383.03,2,27
13817.0,211,382.98,2,20
17239.0,150,382.5,1,15
13657.0,209,382.14,2,16
17250.0,167,381.97,2,55
15090.0,208,381.32,1,23
16441.0,173,381.2,2,22
15048.0,192,381.0,4,86
12871.0,200,380.64,2,8
17573.0,308,380.6,3,24
17138.0,126,380.5,1,24
17999.0,219,380.39,2,87
17031.0,235,380.35,2,19
17936.0,257,380.13,1,68
14731.0,256,380.02,3,38
16552.0,219,379.73,2,17
13589.0,114,379.65,2,21
13656.0,490,379.65,2,49
17878.0,401,379.45,1,26
15885.0,111,379.35,3,18
16909.0,436,379.14,1,18
16930.0,339,378.89,3,47
13372.0,159,378.64,1,23
17078.0,788,378.2,2,28
17736.0,238,377.44,3,24
12890.0,256,376.71999999999997,1,78
17489.0,428,376.64,2,28
13936.0,330,376.58,1,26
16858.0,91,375.69000000000005,1,9
14448.0,104,375.35,2,20
14079.0,301,375.1,1,12
16147.0,246,375.0,1,22
14067.0,361,374.7,2,51
17492.0,155,374.57,1,12
12873.0,128,374.0,1,4
13351.0,117,373.94,1,16
16321.0,135,373.65000000000003,5,7
12895.0,210,372.8,2,22
12544.0,136,372.7,1,19
12981.0,242,372.21999999999997,2,12
13300.0,203,371.89,1,20
18155.0,266,371.62,3,19
15472.0,251,371.56,1,76
16776.0,254,371.54,1,61
14950.0,136,371.2,1,19
15975.0,243,371.01,1,24
15063.0,56,370.79999999999995,1,5
15922.0,138,369.5,1,11
16758.0,203,369.34000000000003,1,22
14888.0,184,369.2,1,20
17765.0,143,367.63,3,51
16065.0,228,367.14,1,71
18181.0,133,366.85,1,40
17911.0,223,366.23,1,39
17432.0,207,365.76,2,44
16499.0,127,365.45,2,18
16202.0,191,365.27,1,18
14886.0,160,364.8,1,18
15949.0,284,364.72,2,12
12373.0,197,364.6,1,14
15343.0,84,364.5,1,21
14528.0,278,364.21999999999997,1,18
12538.0,191,363.95,1,21
17330.0,120,363.9,2,5
14171.0,167,363.79,1,57
16509.0,64,363.7,1,13
12915.0,93,363.65,2,19
18056.0,211,363.65,1,19
16485.0,235,363.65,1,41
14932.0,80,363.53,1,17
14427.0,228,363.34000000000003,2,16
14594.0,183,363.33,2,48
16903.0,247,363.2,1,50
16378.0,267,362.95,3,22
16052.0,282,362.06,1,34
15025.0,184,361.96,1,66
13844.0,196,361.62,1,20
16769.0,80,361.54,1,33
16305.0,256,361.21999999999997,1,22
13291.0,233,361.11,1,41
17358.0,190,360.81,2,55
16595.0,335,360.16,1,83
13780.0,318,360.01,2,56
13298.0,96,360.0,1,2
15120.0,296,358.82,1,21
17948.0,144,358.56000000000006,1,1
16823.0,136,358.38,1,34
13228.0,200,358.0,1,2
13976.0,154,357.98,1,10
17025.0,235,357.77,3,8
16971.0,72,357.21,1,40
18040.0,148,357.20000000000005,2,18
13453.0,134,356.97999999999996,2,16
14500.0,117,356.85,3,6
15713.0,150,356.7,2,18
15247.0,160,356.0,1,6
16372.0,158,355.73,2,86
14537.0,120,355.56,1,10
15840.0,396,355.56,2,26
17742.0,89,355.11,2,13
14690.0,167,355.05,2,40
12888.0,76,354.12,2,4
12845.0,204,354.09,4,26
13173.0,277,353.65,2,41
13210.0,316,353.48,1,22
13343.0,135,353.43,1,19
14804.0,121,353.27,1,12
12617.0,210,352.98,1,39
15678.0,184,352.7,1,12
18112.0,255,352.69,2,26
16274.0,153,351.75,1,64
15901.0,379,351.73,3,102
12566.0,265,351.65,1,19
15870.0,333,351.44,1,68
15789.0,438,351.3,1,25
13923.0,185,351.13,1,20
13332.0,179,350.9,1,21
15334.0,273,350.82,3,67
13740.0,425,350.75,1,23
13108.0,298,350.06,1,10
12532.0,153,349.83000000000004,1,16
13670.0,282,349.7,1,25
13887.0,147,349.55,1,19
18250.0,199,349.27,1,21
15405.0,193,349.1,1,8
13927.0,214,348.99,1,21
17252.0,192,348.91,2,86
13790.0,748,348.8,1,45
12527.0,234,348.71000000000004,3,18
16159.0,236,348.2,1,14
13052.0,222,348.15000000000003,1,18
14379.0,292,348.1,2,39
13497.0,163,348.05,2,19
17668.0,93,347.75,2,14
18127.0,187,347.08,3,41
13062.0,343,346.98,1,11
13649.0,139,346.6,2,23
16423.0,230,346.12,1,18
13091.0,466,345.82,1,21
15781.0,180,345.46,3,20
17123.0,246,345.29999999999995,1,9
13774.0,192,345.0,1,22
14633.0,96,344.90000000000003,1,20
16978.0,166,344.33,1,39
17569.0,159,344.14,1,29
13068.0,200,344.0,2,1
15047.0,222,343.62,1,22
15520.0,314,343.5,1,18
18081.0,195,343.45,3,14
12715.0,192,343.36,1,20
12875.0,2019,343.2300000000001,2,1
17795.0,305,342.83,2,43
16851.0,271,342.45,3,17
17835.0,344,342.24,3,45
16826.0,158,341.7,1,22
13347.0,205,341.36,1,8
14491.0,139,340.93,2,17
15115.0,157,340.11,1,21
13737.0,125,339.59999999999997,1,29
17045.0,106,339.44,3,20
16545.0,78,339.3,1,3
17697.0,93,338.95,1,19
16183.0,113,338.71000000000004,1,15
13569.0,156,338.62,2,73
15652.0,208,337.74,1,21
15942.0,232,337.44,1,14
13930.0,274,337.34,2,15
15900.0,216,337.28,1,44
17973.0,176,337.04,1,15
16105.0,330,336.96,1,13
15619.0,136,336.40000000000003,1,3
17384.0,88,336.4,2,12
18078.0,145,336.13,2,27
18276.0,186,335.86,1,14
14196.0,142,335.52,1,6
16063.0,262,335.32,1,23
17917.0,184,335.03,3,77
12489.0,105,334.93,1,15
14988.0,141,334.54,1,40
15466.0,246,334.53,1,56
17221.0,287,334.48,2,59
12350.0,197,334.4,1,17
15918.0,153,334.23,2,33
14264.0,70,333.97,2,15
13216.0,297,333.74,1,5
13727.0,162,333.48,2,19
16625.0,164,333.08,1,23
14902.0,218,332.66,1,20
13904.0,332,332.64,2,24
16850.0,249,332.41,1,19
16803.0,245,332.3,1,24
16177.0,95,331.95,1,15
16030.0,283,331.24,1,28
15210.0,228,331.18,1,20
16478.0,224,331.0,3,15
12891.0,950,331.0,3,2
17862.0,100,330.9,1,11
12519.0,175,330.84,1,17
13706.0,189,330.79,1,20
14517.0,91,330.45,2,17
15130.0,197,330.11,1,22
15714.0,186,330.03000000000003,2,34
16593.0,116,330.03,3,24
12953.0,84,329.85,1,17
17866.0,174,329.65,1,9
17615.0,140,329.6,3,13
13239.0,327,329.56,1,21
17914.0,457,329.36,1,72
17154.0,490,329.34,1,23
15153.0,198,329.25,1,22
15880.0,202,329.03000000000003,1,95
14012.0,160,328.8,1,11
17222.0,122,328.65,1,27
16343.0,175,328.58,2,29
16855.0,164,328.4,2,19
15213.0,272,328.35,2,22
14747.0,84,328.2,1,18
14206.0,276,328.15999999999997,1,20
16318.0,199,328.15,1,19
15314.0,313,327.97,1,24
14024.0,150,327.7,2,16
15579.0,117,327.6,2,45
16366.0,256,327.3,1,18
14870.0,119,327.25,1,13
16322.0,231,326.75,2,28
14987.0,128,326.4,2,2
17715.0,384,326.4,1,1
16071.0,180,326.24,1,21
15363.0,144,326.0,1,16
12844.0,125,325.96000000000004,2,47
16830.0,264,325.91,1,23
14850.0,293,325.75,1,21
15944.0,50,325.1,1,6
12790.0,166,324.92,1,21
13801.0,168,324.8,1,23
15597.0,279,324.57,1,22
16685.0,396,324.24,2,60
18261.0,146,324.24,2,19
15675.0,527,323.69,3,20
15921.0,162,323.03000000000003,1,24
16739.0,172,323.0,1,13
13955.0,154,322.96,2,33
16627.0,162,322.8,1,20
16342.0,157,322.41,4,10
14424.0,48,322.08,1,1
15224.0,152,322.08,2,13
14484.0,210,321.92,1,14
17976.0,93,321.79,1,56
14823.0,88,321.43,3,56
15236.0,269,321.05,1,15
16096.0,155,320.62,1,12
14622.0,146,320.58000000000004,1,21
13986.0,430,320.46,1,12
15107.0,169,319.5,6,12
16967.0,333,319.02,1,21
17157.0,172,319.0,2,11
17229.0,185,318.76,2,39
17248.0,213,318.65,1,68
14703.0,183,318.17,1,22
17839.0,257,318.15,1,50
12648.0,160,318.05,1,21
18066.0,108,318.0,1,10
17172.0,480,317.76,1,15
15101.0,241,317.53,2,8
17267.0,158,317.2,2,37
15257.0,46,317.15,1,7
15385.0,161,316.88,1,12
15243.0,185,316.68,1,22
16761.0,341,316.62,1,13
15204.0,258,316.58,1,9
17458.0,170,316.5,1,52
13494.0,162,316.26000000000005,1,18
15872.0,187,316.25,2,101
14479.0,117,316.25,2,18
16473.0,196,316.11,3,18
18117.0,605,315.65,1,68
12614.0,76,315.6,1,20
15766.0,170,315.06,1,11
16091.0,154,315.06,2,16
17237.0,105,314.69,2,18
16193.0,219,314.45,1,19
12650.0,254,314.44,1,20
16227.0,90,314.22,1,6
15970.0,116,314.1,1,11
13484.0,44,313.8,1,8
16582.0,164,313.62,1,6
14729.0,197,313.49,1,69
13845.0,182,312.98,1,9
15318.0,642,312.62,1,33
14555.0,122,312.54,2,18
12834.0,110,312.38,1,18
13642.0,151,312.28,1,57
17362.0,191,312.23,2,30
12785.0,131,311.95,1,14
16450.0,200,311.92,1,11
14142.0,313,311.81,1,22
15326.0,386,311.71,1,29
14951.0,311,311.69,1,20
14327.0,139,311.65,1,12
12852.0,149,311.55,1,17
13990.0,190,311.3,1,16
17854.0,84,311.26,2,15
16781.0,113,311.25,1,17
13897.0,200,311.16,1,17
15185.0,666,310.62,1,21
15308.0,175,310.47,1,19
14311.0,146,310.26,1,20
17912.0,184,310.06,5,35
14924.0,64,310.05,1,10
15661.0,236,309.8,2,4
15699.0,113,309.65,1,18
16810.0,114,309.54,1,15
14339.0,168,309.52,1,14
14847.0,120,309.4,1,13
17604.0,169,309.36,2,57
12884.0,43,309.05,1,7
13787.0,337,309.04,2,24
15010.0,184,308.94,1,20
16956.0,114,308.74,1,16
13699.0,66,308.58000000000004,1,14
17510.0,214,308.48,1,20
13369.0,149,308.28000000000003,1,14
13466.0,259,307.9,1,17
15973.0,106,307.82000000000005,1,4
16123.0,170,307.78,1,16
13529.0,74,307.76,2,15
13395.0,336,307.72,1,21
13060.0,123,307.53,1,15
14716.0,495,307.51,2,46
14915.0,112,307.48,2,12
17120.0,120,307.46,1,18
13932.0,72,307.4,1,16
13142.0,258,307.09,1,23
17334.0,315,307.02,2,11
15087.0,470,306.94,1,15
13762.0,272,306.72,1,7
16668.0,318,306.71999999999997,6,9
13718.0,173,306.55,2,9
18059.0,258,306.46,3,17
15659.0,111,306.45,1,11
17176.0,170,306.13,1,15
13863.0,224,305.78,1,20
15219.0,45,305.75,1,9
16796.0,186,305.62,1,18
16181.0,152,305.54,1,11
18220.0,288,305.28000000000003,1,2
13045.0,221,305.28000000000003,1,18
12623.0,191,305.1,1,18
17941.0,252,304.56,1,2
15163.0,186,304.47,2,29
18185.0,183,304.25,1,17
16217.0,91,304.25,2,13
17070.0,131,304.24,1,62
16674.0,181,304.24,2,89
17732.0,93,303.97,1,18
16400.0,172,303.93,1,28
13083.0,187,303.75,2,15
17433.0,185,303.15999999999997,1,53
16425.0,199,302.7,1,21
14248.0,102,302.58,1,8
16386.0,205,302.57,2,76
18165.0,254,302.46000000000004,1,10
16292.0,191,302.25,1,17
17506.0,139,302.2,1,14
15054.0,198,302.1,2,105
17094.0,152,302.0,1,14
16297.0,206,301.9,1,20
16715.0,642,301.71999999999997,1,19
15667.0,240,301.32,1,13
15148.0,187,301.29,1,20
15623.0,125,301.03,1,19
13479.0,134,300.95,2,14
17978.0,499,300.91999999999996,1,12
16430.0,103,300.85,1,6
16479.0,102,300.83,2,35
14762.0,341,300.52,1,21
13304.0,238,300.42,1,21
15254.0,275,300.36,1,18
17793.0,226,300.34,1,49
13745.0,496,300.04,1,25
18053.0,302,300.02,1,20
18215.0,118,299.34000000000003,1,13
13667.0,149,299.05,1,82
15609.0,148,298.48,1,16
17824.0,408,298.4,1,13
16104.0,122,298.21,1,28
17678.0,207,298.11,1,16
12881.0,21,298.0,1,7
15857.0,308,297.0,1,14
17531.0,136,296.7,1,14
13441.0,204,296.64,1,13
17266.0,153,296.58,3,60
13751.0,152,296.25,1,9
13504.0,178,295.93,1,22
16998.0,76,295.0,4,1
14954.0,117,294.85,1,75
15060.0,257,294.25,4,81
17124.0,129,294.24,1,31
15732.0,215,294.12,2,13
16402.0,146,293.45,2,55
17163.0,66,293.1,2,3
12829.0,376,293.0,2,9
16721.0,172,292.47,1,37
14985.0,256,292.01,2,78
13502.0,264,292.0,3,17
13449.0,222,291.88,1,19
17255.0,227,291.48,2,69
14656.0,120,291.05,2,73
14947.0,179,290.82,2,14
16648.0,281,290.65999999999997,1,19
15279.0,189,290.51,1,19
17691.0,134,290.40000000000003,2,18
16526.0,106,290.36,1,15
17551.0,142,290.34,1,39
13573.0,302,290.25,2,24
14784.0,237,289.99,2,15
17464.0,220,289.96000000000004,1,9
16897.0,73,289.78,2,37
17201.0,231,289.78,1,38
14162.0,142,289.36,2,25
16125.0,124,289.35,1,13
14549.0,136,289.24,1,56
15545.0,162,288.96999999999997,2,78
17081.0,77,288.91,2,55
17501.0,160,288.6,2,18
16808.0,196,288.42,2,21
15396.0,122,288.18,1,14
17977.0,342,288.14,1,19
17080.0,166,287.62,2,8
17760.0,239,287.59,2,25
16432.0,276,287.4,1,8
13760.0,197,286.79,2,50
16555.0,175,285.89,2,15
14660.0,228,285.74,2,24
14953.0,224,285.67,1,54
17636.0,182,285.56,1,20
13708.0,301,285.33,1,49
16429.0,9,284.55,1,2
18190.0,140,284.46000000000004,2,14
13121.0,252,283.73,1,50
13439.0,242,283.71,1,54
12703.0,164,283.55,1,21
17783.0,354,283.47,2,67
13259.0,126,283.18,1,77
18270.0,101,283.15,2,11
17694.0,184,283.12,1,15
14350.0,183,282.93,1,18
13754.0,214,282.59999999999997,2,11
13177.0,91,282.45,1,17
16557.0,111,281.85,2,11
16848.0,182,281.42,1,14
14242.0,123,280.55,2,13
16149.0,308,280.52,2,18
17247.0,105,280.09000000000003,1,53
14975.0,380,279.94,1,11
15556.0,236,279.77,1,31
14480.0,143,279.05,1,13
14764.0,190,278.3,1,6
14908.0,132,277.8,1,9
13803.0,121,277.07,1,17
15355.0,45,277.05,2,9
13606.0,276,276.75,3,40
13272.0,96,276.56,2,15
13544.0,112,276.06,2,76
12750.0,137,275.88,1,15
14512.0,122,275.28,2,19
16313.0,165,274.15000000000003,2,16
16883.0,103,272.48,2,33
17498.0,394,272.22,1,17
14819.0,109,272.07,2,13
13917.0,228,272.04,2,16
14816.0,5,271.85,1,4
13058.0,52,271.40000000000003,3,5
17767.0,128,271.2,1,21
17254.0,251,271.19,2,100
17496.0,79,271.05,1,10
18108.0,84,271.0,1,17
17011.0,186,270.9,1,15
15774.0,87,270.8,1,25
14520.0,146,270.6,2,3
13242.0,130,270.40000000000003,3,12
12558.0,196,269.96,1,11
17251.0,108,269.83,1,37
13533.0,202,269.09,3,61
14727.0,62,268.58,1,10
14508.0,129,268.05,2,52
15408.0,106,267.18,1,34
17550.0,86,267.16,3,42
15320.0,326,267.13,1,36
15517.0,293,267.03,1,27
16451.0,120,266.97,1,14
17786.0,195,266.85,2,57
14863.0,132,266.76,1,11
13837.0,182,266.59000000000003,2,17
15119.0,88,266.4,1,14
12962.0,129,266.39,2,15
14068.0,73,265.85,1,22
17430.0,190,265.76,2,14
14423.0,120,265.2,1,3
17968.0,151,265.1,1,74
13973.0,109,264.7,1,11
15912.0,185,264.62,2,19
17403.0,111,263.92,1,32
17708.0,90,263.33,2,28
12492.0,192,263.21000000000004,2,19
17194.0,119,262.62,2,26
16413.0,148,262.2,1,30
16936.0,171,261.9,1,56
13189.0,842,260.68,2,29
14053.0,215,260.25,2,2
15143.0,150,259.45,1,14
13127.0,127,259.17,1,15
14452.0,116,259.05,2,55
15577.0,89,258.88,3,39
13277.0,176,258.4,4,5
15894.0,164,258.25,2,35
13227.0,99,257.7,1,9
15014.0,149,257.67,2,29
13626.0,209,257.23,1,19
16048.0,144,256.44,2,8
12430.0,117,256.4,1,11
13806.0,56,256.38,1,10
16727.0,167,256.32,1,41
17896.0,288,256.32,1,2
17385.0,197,256.11,1,42
16447.0,221,255.91,1,34
14761.0,118,255.9,2,11
15277.0,205,255.89999999999998,1,12
14881.0,316,255.4,1,17
16226.0,192,255.12,3,6
15261.0,270,254.82,1,19
15154.0,89,254.28,1,66
12604.0,201,254.18,2,15
14765.0,135,254.11,3,38
15689.0,84,254.1,2,8
12797.0,118,254.03,1,13
15759.0,60,253.04,3,5
15019.0,150,252.81,1,64
15035.0,245,252.73000000000002,1,26
13404.0,111,252.49,2,11
15346.0,144,252.42000000000002,1,17
13645.0,158,252.1,1,5
13711.0,140,252.06,2,11
16330.0,147,251.91,3,39
16836.0,165,251.87,2,11
17155.0,242,251.70000000000002,2,19
16976.0,88,251.51999999999998,1,2
13512.0,143,251.21,1,15
14501.0,161,251.21,2,9
16024.0,397,251.03,1,61
13207.0,130,250.26000000000002,2,7
16596.0,97,250.15,2,12
17303.0,144,250.04,1,53
15510.0,2,250.0,1,1
17456.0,222,249.86,1,17
16124.0,48,249.0,1,11
13061.0,107,248.61,1,10
16510.0,92,248.1,1,13
15097.0,170,248.08,1,25
13592.0,84,247.95999999999998,4,15
18072.0,288,247.44,1,18
18009.0,125,247.39,1,31
13349.0,225,247.32,1,16
14658.0,47,247.15,2,27
15783.0,212,246.3,1,14
17278.0,179,246.04,1,15
16778.0,194,245.94,2,16
17771.0,287,245.81,2,51
12660.0,127,245.1,1,13
15118.0,1440,244.8,1,1
16528.0,171,244.41,1,17
17892.0,109,244.1,3,27
17925.0,72,244.08,1,1
13103.0,82,243.94,1,8
16793.0,146,243.84,1,16
18193.0,124,243.76,1,16
13886.0,126,243.56,1,16
15634.0,99,243.55,1,15
17339.0,152,243.36,2,9
16601.0,133,242.7,1,29
16215.0,104,242.35,1,14
15776.0,138,241.62,1,18
14523.0,251,241.09,1,12
16427.0,156,241.06,2,8
17051.0,179,240.89000000000001,1,40
15598.0,160,240.68,1,14
15286.0,55,240.55,1,3
13565.0,172,240.22,2,35
17256.0,141,240.0,2,12
17181.0,241,239.92000000000002,2,23
15690.0,408,239.76,2,19
13570.0,161,239.49,1,27
17684.0,145,239.41,1,15
16756.0,106,239.4,1,13
12561.0,177,238.85,1,16
12718.0,203,238.25,1,19
17877.0,98,237.61,1,12
14586.0,444,237.36,1,19
15457.0,132,237.07,1,56
12732.0,111,236.26000000000002,1,12
16026.0,243,236.09,1,30
14647.0,91,236.04000000000002,1,24
13187.0,95,236.02,1,37
14375.0,184,235.56,1,57
15850.0,298,234.88,2,87
15462.0,172,234.6,3,9
14473.0,88,234.34000000000003,2,7
17060.0,216,234.24,1,5
16961.0,125,234.17,1,14
12736.0,173,234.0,1,4
13348.0,136,233.76,1,14
16583.0,111,233.45,1,14
16302.0,158,233.22,1,11
13678.0,924,232.6,1,16
18213.0,232,232.48000000000002,1,15
16117.0,130,232.21,1,30
17908.0,169,232.03,1,51
14995.0,102,231.98000000000002,2,53
15393.0,150,231.86,2,10
17111.0,282,231.61,1,29
16641.0,256,231.10000000000002,1,12
18030.0,67,230.64999999999998,2,8
16445.0,111,230.51,1,62
17125.0,281,230.5,1,34
13786.0,136,230.39999999999998,1,7
16926.0,35,230.25,1,14
13960.0,142,230.22,2,11
12812.0,164,229.64000000000001,1,15
13008.0,175,229.46999999999997,1,14
15528.0,123,229.33,1,26
14793.0,91,228.99,1,14
17347.0,216,228.96,1,1
13146.0,154,228.91,1,16
13712.0,352,228.84,1,10
13070.0,110,228.8,1,9
17969.0,152,228.2,2,14
16527.0,106,228.06,1,14
14569.0,79,227.39,1,10
17212.0,147,226.85,1,4
13474.0,129,226.84,1,59
17572.0,95,226.75000000000003,4,7
18005.0,86,226.47,2,52
17860.0,93,226.45000000000002,1,49
16315.0,75,226.37,1,14
16619.0,133,226.21,1,14
17789.0,74,225.9,1,14
12672.0,78,225.89999999999998,1,10
14624.0,162,225.85,2,13
12402.0,94,225.6,1,11
16690.0,138,225.57999999999998,2,10
14052.0,89,225.36,1,56
15483.0,291,225.26,4,74
16587.0,71,225.15,1,13
14357.0,147,225.12,1,39
17171.0,185,224.91,1,16
15175.0,454,224.14,1,23
16471.0,141,223.95000000000002,1,13
16753.0,189,223.92000000000002,1,34
14929.0,136,223.88,1,11
13926.0,104,223.85000000000002,1,11
17534.0,103,223.36,1,9
15637.0,128,223.36,1,15
13382.0,131,222.99,1,15
16777.0,62,222.62,2,45
18101.0,87,222.4,2,37
14598.0,189,221.97,1,49
14960.0,221,221.27,2,23
13419.0,275,221.06,1,16
16482.0,346,220.62,1,18
13079.0,62,220.10000000000002,5,2
18114.0,55,220.1,1,28
13600.0,324,219.52,1,19
15096.0,120,219.39000000000001,1,11
12702.0,53,219.0,1,12
15790.0,113,218.75,1,34
13669.0,237,218.55,2,9
12574.0,61,218.45,1,11
15724.0,73,218.25,2,11
14570.0,95,218.06,2,29
16634.0,82,217.9,2,9
16392.0,201,217.89,1,41
15554.0,74,217.2,1,14
16080.0,128,217.16,2,10
13739.0,54,216.9,1,3
13503.0,248,216.85,1,17
12897.0,110,216.5,2,3
15604.0,159,216.39,1,17
17436.0,90,216.29999999999998,2,7
14104.0,72,216.20999999999998,2,21
13858.0,75,216.17,1,11
18212.0,92,216.07,1,30
16179.0,99,215.83,1,11
17580.0,88,215.72,3,43
16189.0,134,215.48,2,9
16190.0,88,215.08,1,6
16519.0,54,215.07999999999998,2,13
12831.0,135,215.05,1,9
12588.0,53,214.89999999999998,1,10
16338.0,94,214.79999999999998,1,11
17619.0,124,214.37,1,71
16846.0,135,214.32,1,11
15460.0,107,214.26,1,53
16647.0,146,214.06,2,12
14601.0,168,213.96,1,7
13621.0,343,213.85,1,19
17153.0,104,213.78,1,14
14241.0,146,213.70000000000002,1,10
13411.0,72,213.55,1,17
16591.0,41,213.5,1,10
15540.0,200,213.3,1,15
17928.0,140,212.54,2,23
15866.0,124,211.89,1,43
16017.0,102,211.88,1,26
16356.0,93,211.77,3,20
16411.0,131,211.7,2,41
15703.0,66,211.5,1,5
13271.0,240,211.49,1,79
12995.0,108,211.32,1,3
13532.0,129,210.31,1,66
13828.0,311,209.49,1,15
17855.0,197,208.97,1,17
15327.0,116,208.75,1,10
17514.0,135,208.65,1,40
15897.0,223,208.59,2,17
16457.0,140,208.36,1,9
12547.0,134,207.79999999999998,2,7
18191.0,140,207.79999999999998,1,7
16866.0,60,207.73999999999998,3,10
15052.0,79,207.73000000000002,1,27
16323.0,50,207.50000000000003,1,1
17923.0,50,207.50000000000003,1,1
16752.0,54,207.5,1,9
13099.0,288,207.35999999999999,1,1
15925.0,93,207.15,1,12
15820.0,128,206.98,1,17
17166.0,78,206.34,2,11
14964.0,143,206.21,1,13
13065.0,74,205.86,1,14
17670.0,110,205.7,1,11
17843.0,113,205.48,1,36
15307.0,37,205.3,1,12
15758.0,47,205.25,1,9
13513.0,109,205.1,1,10
15319.0,175,204.5,1,16
17206.0,76,204.24,1,7
18273.0,80,204.0,3,1
13017.0,48,204.0,1,1
17187.0,144,203.95,1,10
17394.0,241,203.86999999999998,1,4
17891.0,393,203.85999999999999,1,34
17376.0,86,203.2,2,23
14381.0,146,202.68,1,56
18169.0,61,202.65,1,9
14984.0,58,202.37,2,37
16895.0,91,202.27,1,57
14385.0,159,202.11,3,13
13428.0,151,201.78,1,70
15347.0,130,201.60000000000002,1,5
17889.0,77,201.37,2,20
13295.0,82,201.20000000000002,1,10
13284.0,91,201.19,1,13
16965.0,291,201.19,1,26
13859.0,129,201.16,1,27
17988.0,43,201.12,7,37
18126.0,135,200.92000000000002,1,52
17693.0,231,200.47,1,16
13262.0,125,200.29,1,11
16415.0,178,200.27,1,45
15437.0,79,200.16,1,44
13980.0,172,200.14,1,11
14782.0,114,200.10000000000002,1,6
13723.0,43,199.85000000000002,1,6
15593.0,60,199.8,1,5
13322.0,117,199.48000000000002,1,25
16832.0,33,199.15,3,11
18110.0,72,198.8,1,33
17987.0,261,198.57,1,13
16178.0,94,197.9,1,8
12450.0,128,197.88,2,7
12581.0,161,197.71,1,15
14185.0,6,197.65,1,3
14789.0,116,197.64,1,6
16829.0,99,197.22,1,11
15234.0,196,197.0,1,14
12586.0,79,196.94000000000003,1,11
13436.0,76,196.89,1,12
15746.0,178,196.88,1,28
13978.0,315,196.79000000000002,2,14
16112.0,574,195.73999999999998,4,15
13792.0,92,195.55,2,13
17010.0,118,195.36,1,11
14666.0,161,195.25,1,14
15612.0,52,195.15,2,4
17475.0,178,194.37,1,14
15683.0,131,193.75,1,10
17343.0,56,193.64,1,17
15198.0,120,193.64,2,10
16847.0,78,193.44,1,12
14806.0,330,193.39000000000001,1,11
17383.0,148,193.39000000000001,1,49
14476.0,110,193.0,1,17
12522.0,194,192.72,2,11
14768.0,52,192.60000000000002,2,4
12791.0,97,192.60000000000002,1,2
16887.0,156,192.32999999999998,1,35
17608.0,229,191.99,2,54
14100.0,63,191.95000000000002,1,24
15909.0,98,191.94,1,7
14087.0,250,191.47,1,61
15692.0,138,191.04,1,12
17233.0,131,190.88,1,25
15723.0,73,190.7,1,37
13033.0,83,190.55,1,11
15412.0,108,190.53,1,10
13972.0,187,190.25,2,15
12361.0,91,189.9,1,10
13826.0,82,189.5,1,10
13663.0,91,189.47,1,13
14801.0,173,189.34,1,56
14830.0,164,188.88,1,39
14697.0,181,188.60999999999999,2,22
17781.0,34,188.02,2,12
17279.0,48,187.82999999999998,1,8
18013.0,285,187.29,2,31
13568.0,66,187.05,1,41
17440.0,246,186.42000000000002,3,3
13672.0,57,186.39000000000001,2,4
14551.0,106,186.23,2,9
15567.0,223,186.01,1,7
12641.0,72,185.9,1,10
17574.0,77,185.65,1,8
14199.0,28,185.39999999999998,1,2
16097.0,87,185.04999999999998,1,10
13482.0,116,184.64,1,11
17680.0,96,184.4,1,11
16433.0,106,184.26,1,17
15124.0,233,184.19,2,14
14326.0,103,183.85,1,8
16914.0,112,183.76,1,25
16680.0,94,183.7,1,10
14059.0,128,183.6,1,8
13460.0,286,183.44,2,16
13059.0,35,183.4,1,8
14966.0,179,183.02,1,35
16448.0,76,182.99,1,19
14082.0,110,182.25,1,28
15886.0,147,181.09,1,12
16594.0,64,181.09,1,53
17904.0,59,181.07,1,33
15945.0,52,181.0,1,2
16835.0,61,180.85,2,10
18119.0,124,180.7,1,29
18280.0,45,180.60000000000002,1,10
13710.0,176,180.48,1,8
14722.0,118,180.42000000000002,1,28
12622.0,69,180.1,1,11
15041.0,103,179.93,1,66
18147.0,203,179.33999999999997,2,7
15895.0,94,179.17,1,11
15454.0,86,179.1,1,23
16990.0,100,179.0,1,1
14705.0,100,179.0,1,1
16620.0,88,178.96,2,9
15139.0,208,178.96,2,13
15262.0,73,178.95000000000002,1,10
17660.0,121,178.75,1,37
13778.0,70,178.7,1,9
17879.0,45,178.51999999999998,1,6
15292.0,55,178.39,1,24
18045.0,138,178.34,1,43
17253.0,43,178.26,1,18
17356.0,166,178.22,1,19
18282.0,103,178.05,2,12
16403.0,114,177.5,1,10
13618.0,246,177.34,1,13
12618.0,96,177.31,1,11
13072.0,69,177.15,1,7
17947.0,168,176.68,1,9
14287.0,261,176.63,3,9
12893.0,90,176.55,1,27
12509.0,55,176.5,1,7
18274.0,88,175.92,1,11
17582.0,123,175.27,1,28
17331.0,16,175.2,1,1
16144.0,16,175.2,1,1
18010.0,60,174.8,1,14
14355.0,92,174.4,1,11
14518.0,278,174.37,1,16
18278.0,66,173.9,1,9
16861.0,140,173.76,2,6
14798.0,150,173.74,3,11
16565.0,46,173.7,1,3
12441.0,121,173.55,1,11
17772.0,55,173.45,2,50
15565.0,60,173.16,2,8
15670.0,91,173.05,1,12
14693.0,34,172.9,1,8
12923.0,68,172.82,1,28
18048.0,127,172.29000000000002,2,6
13922.0,93,172.25,1,7
13690.0,67,172.25,1,9
12442.0,182,172.06,1,12
16773.0,171,171.59,1,23
17245.0,75,171.45,1,9
13560.0,63,171.42000000000002,1,32
15432.0,65,171.19,1,10
14536.0,39,170.95,1,18
17542.0,134,170.75,1,24
14860.0,232,170.32,1,11
15335.0,79,170.22,1,34
18058.0,88,170.16,1,3
15016.0,76,170.04,1,20
13962.0,87,169.55,2,11
14218.0,160,169.48000000000002,1,12
12367.0,173,168.9,1,11
14578.0,240,168.63,1,24
18269.0,76,168.6,1,7
18099.0,149,168.31,1,19
15888.0,76,168.31,1,11
16282.0,114,168.3,1,11
17737.0,108,168.24,2,8
15986.0,268,168.12,1,14
15374.0,126,168.0,1,3
12551.0,100,168.0,1,10
16952.0,92,167.61,2,16
17367.0,149,167.55,1,33
15920.0,99,167.5,4,53
16405.0,187,167.25,2,3
14295.0,84,166.20000000000002,1,5
17650.0,150,166.08,1,8
12817.0,53,166.04,1,4
18088.0,107,166.03,1,35
17561.0,144,165.12,1,44
18042.0,33,165.04999999999998,1,7
15316.0,100,165.0,1,1
13470.0,100,165.0,2,7
15904.0,84,164.68,1,30
17535.0,136,164.4,1,13
13603.0,164,164.34,1,27
14552.0,90,164.22,1,57
14354.0,210,163.62,2,9
17110.0,50,163.29999999999998,1,12
17301.0,137,163.24,1,59
13223.0,88,163.20000000000002,2,5
14485.0,70,162.8,1,44
12920.0,128,162.78,1,27
16517.0,96,162.7,1,17
15733.0,62,162.3,1,10
18014.0,66,162.22,1,29
15325.0,231,161.74,1,47
17600.0,144,161.67000000000002,1,13
15458.0,156,161.64,1,7
16113.0,176,161.38,1,30
14237.0,38,161.0,1,9
13229.0,63,160.95,1,10
15852.0,48,160.71,2,22
12573.0,84,160.54000000000002,1,26
18203.0,43,160.42000000000002,1,19
18146.0,153,160.35000000000002,2,10
14714.0,229,160.19,1,10
12966.0,75,160.18,1,10
13598.0,52,160.04,1,33
13420.0,101,159.85,2,8
16213.0,48,159.0,1,6
18224.0,69,158.95000000000002,1,10
13937.0,123,158.85,1,9
15167.0,65,158.8,1,39
14089.0,133,158.75,1,13
17165.0,100,158.68,1,10
15160.0,84,158.16,1,4
15348.0,84,158.04,1,9
18004.0,75,157.92,1,32
17556.0,101,157.9,1,6
14799.0,146,157.7,1,13
17344.0,65,157.62,1,31
14148.0,16,157.2,1,3
17128.0,76,157.09,1,14
14585.0,91,157.05,1,29
17118.0,154,157.02,1,10
15007.0,69,156.91,1,12
15988.0,180,156.78,1,26
14406.0,77,156.75,1,8
15438.0,59,156.57999999999998,1,25
15263.0,89,156.51,1,12
17885.0,110,156.34,1,50
13898.0,133,155.93,1,12
17871.0,182,155.9,1,10
17832.0,208,155.37,1,61
12738.0,148,155.35,1,11
15447.0,85,155.17,1,9
13809.0,29,155.05,1,11
14368.0,36,155.0,1,8
14046.0,460,154.99,1,14
17698.0,93,154.95,1,8
15740.0,152,154.88,1,9
17026.0,97,154.82999999999998,2,4
17899.0,170,154.55,1,29
15226.0,71,154.41,1,8
16406.0,116,154.35,1,54
16921.0,154,154.18,1,50
17517.0,102,153.94,1,11
16351.0,90,153.9,1,8
12602.0,162,153.12,1,12
17714.0,92,153.0,1,10
16720.0,180,152.95,1,25
16248.0,78,152.94,1,7
14813.0,66,152.88,2,25
17984.0,98,152.68,1,48
18138.0,38,152.65,1,8
14066.0,45,152.55,1,7
17707.0,144,152.4,2,3
13514.0,40,152.20000000000002,1,4
14039.0,92,152.2,1,6
17898.0,190,152.06,2,27
16617.0,91,151.85,1,5
14208.0,114,151.74,1,10
13462.0,62,151.5,1,9
14362.0,96,151.5,1,37
17286.0,117,151.37,1,44
13697.0,177,151.29999999999998,1,12
16337.0,87,151.05,1,10
14073.0,130,151.04,1,13
14204.0,72,150.61,1,36
18200.0,104,150.35,1,29
15717.0,70,150.3,1,7
16932.0,82,150.23000000000002,1,44
17234.0,55,149.89000000000001,1,14
15869.0,175,149.64,2,13
17946.0,75,149.57999999999998,2,18
18262.0,182,149.48,1,13
15435.0,54,149.29,1,29
13003.0,103,149.05,3,4
17549.0,210,148.86,2,5
15526.0,24,148.44,2,4
14968.0,127,147.59,1,37
14098.0,104,147.35,1,21
14037.0,46,147.20000000000002,2,27
12864.0,216,147.12,1,3
17030.0,146,146.87,1,11
14238.0,111,146.85,1,8
16893.0,62,145.93,1,44
12565.0,80,145.92,1,9
17935.0,82,145.79,2,28
13866.0,57,145.67000000000002,1,7
15937.0,73,145.35,1,7
16598.0,73,145.04999999999998,1,10
17524.0,90,145.0,1,6
16852.0,56,144.91000000000003,2,9
12974.0,24,144.8,1,8
15748.0,50,144.36,1,19
14109.0,88,144.2,1,9
17186.0,200,144.0,2,1
12587.0,51,144.0,1,4
17578.0,138,143.45999999999998,1,5
15705.0,62,143.1,1,6
16461.0,48,142.92,1,31
13299.0,30,142.5,1,5
16287.0,298,142.5,1,8
13584.0,37,142.4,1,24
14386.0,54,142.4,1,7
17859.0,102,141.92000000000002,1,23
13561.0,83,141.85999999999999,1,14
14041.0,94,141.41,1,21
15503.0,70,141.04,1,66
15388.0,88,140.54,1,10
13483.0,160,140.34,1,10
14494.0,92,139.56,1,7
17718.0,83,139.35,1,6
16483.0,44,139.35,1,19
14772.0,82,139.26,1,9
18209.0,58,139.10000000000002,1,8
15135.0,43,139.05,1,9
13273.0,153,138.98,1,16
12902.0,66,138.68,1,10
14581.0,217,138.6,1,16
17122.0,80,138.32,1,7
13716.0,138,138.28,1,21
15663.0,106,138.14,1,9
16050.0,278,137.9,1,10
13279.0,73,137.75,1,9
17709.0,17,137.45,1,7
15836.0,26,137.37,1,10
14483.0,97,137.1,1,9
17468.0,116,137.0,2,5
15691.0,72,136.8,1,2
14247.0,47,136.76999999999998,1,19
16462.0,16,136.0,3,1
16412.0,63,135.99,1,25
12968.0,73,135.95,1,5
15042.0,30,135.93,1,5
14889.0,90,135.9,1,10
15419.0,230,135.86,1,8
16114.0,43,135.75000000000003,1,8
15174.0,145,135.75,1,11
16665.0,59,135.39999999999998,1,9
17972.0,36,135.19,1,30
13364.0,71,134.95999999999998,1,10
16055.0,22,134.8,1,8
14340.0,58,134.7,1,6
15562.0,39,134.55,1,1
14174.0,94,134.46,1,26
12837.0,24,134.1,1,12
14280.0,52,134.04,1,8
16424.0,88,133.56,1,5
14349.0,86,133.5,1,31
12445.0,62,133.4,1,4
17881.0,32,133.35000000000002,1,8
15709.0,121,133.25,1,6
17647.0,30,133.06,1,7
12512.0,96,132.18,2,31
17785.0,67,131.94,1,13
14438.0,82,131.9,1,9
12851.0,106,131.81,1,43
17455.0,66,131.7,1,8
14795.0,17,131.45000000000002,1,6
15844.0,134,130.73999999999998,1,11
16679.0,29,129.75,1,3
16611.0,47,129.49,1,9
16623.0,39,129.45,1,5
15276.0,61,128.63,1,49
16828.0,59,128.5,2,8
17297.0,65,128.18,1,49
17359.0,161,127.86,1,13
15543.0,86,127.86,1,26
13781.0,30,127.84,1,17
15578.0,52,127.1,1,13
15923.0,122,127.08,1,21
14962.0,44,126.7,1,5
16414.0,27,126.25,2,5
15463.0,106,126.14,1,7
16988.0,43,126.12,1,7
12814.0,49,125.92,1,2
13522.0,44,125.80000000000001,1,5
14861.0,117,125.79,1,6
14890.0,51,125.65,1,7
15017.0,63,125.58,1,20
12531.0,45,125.22,1,17
17148.0,82,124.88,1,9
16849.0,33,124.57,1,8
16569.0,93,124.2,1,5
14495.0,62,123.8,2,6
16658.0,40,123.24,1,8
15917.0,42,123.1,1,12
13519.0,23,122.75,1,8
13876.0,36,122.7,1,7
13638.0,93,122.64,1,8
16073.0,48,122.39999999999999,1,1
18018.0,55,122.14,2,29
13244.0,38,121.74000000000001,1,27
13182.0,201,121.18,1,11
15049.0,63,121.17000000000002,1,3
14413.0,67,121.05,1,22
15512.0,68,121.0,2,7
13002.0,73,120.94999999999999,1,7
17446.0,198,120.9,2,6
14165.0,53,120.44,1,23
18015.0,157,120.03,1,46
14259.0,68,120.0,1,5
14314.0,296,120.0,1,8
14453.0,49,119.93,1,22
16542.0,46,119.62,1,5
15266.0,18,119.3,1,6
16666.0,233,118.98,1,32
15843.0,27,118.95000000000002,1,8
17079.0,24,118.80000000000001,1,2
14155.0,25,118.75,1,6
14076.0,79,118.67,1,43
13581.0,30,118.0,1,10
12929.0,37,117.85,1,8
17654.0,41,117.55,1,22
16959.0,49,117.35000000000001,1,7
13877.0,108,117.24,1,3
17117.0,68,116.19999999999999,1,9
17601.0,103,116.00999999999999,1,9
14143.0,30,115.8,1,7
15350.0,51,115.65,1,5
13067.0,32,115.46000000000001,1,14
18027.0,78,115.31,1,21
14972.0,28,114.77,1,18
13188.0,25,114.60000000000001,1,2
14632.0,96,114.56,1,8
16247.0,182,114.56,1,16
17852.0,53,114.34,2,21
17219.0,89,114.23,1,24
14652.0,53,114.18,1,29
12938.0,140,114.14,1,9
14582.0,73,114.11,1,6
12651.0,78,114.0,1,9
14457.0,88,113.64,1,4
15445.0,58,113.5,1,5
17217.0,24,113.5,1,9
18105.0,46,113.48000000000002,1,18
16913.0,82,113.44,1,8
15280.0,154,113.12,1,16
14689.0,76,112.8,1,13
13161.0,29,112.75,1,8
16697.0,27,112.75,1,20
13807.0,36,112.6,1,7
18129.0,48,112.55000000000001,1,13
15610.0,66,112.46000000000001,1,6
17038.0,28,112.4,1,22
14271.0,88,112.32,1,10
17967.0,73,112.27,1,41
17900.0,73,112.19999999999999,2,4
13193.0,46,112.08,1,22
12756.0,144,112.07999999999998,1,4
17957.0,287,111.68,1,31
17887.0,30,111.35,1,10
18120.0,31,111.15,1,17
13508.0,24,110.97,1,12
13144.0,21,110.95,1,3
15537.0,29,110.92,1,24
15853.0,135,110.8,1,29
16963.0,35,110.55000000000001,1,7
14641.0,90,110.46,1,7
12734.0,88,110.39999999999999,1,4
16792.0,44,110.38000000000001,2,11
17901.0,24,110.38,1,19
18277.0,68,110.38,1,8
17746.0,29,110.25,1,6
17836.0,88,110.21000000000001,1,23
13133.0,32,109.8,2,7
16363.0,52,109.36000000000001,1,5
14699.0,77,109.13000000000001,1,8
14345.0,50,108.97999999999999,1,6
13170.0,141,108.81,1,29
17639.0,49,108.5,1,7
16106.0,74,108.38,1,6
13226.0,80,108.21000000000001,1,16
12956.0,34,108.07,1,19
14661.0,35,107.95,1,4
17274.0,77,107.82,1,24
16784.0,24,107.6,1,3
15395.0,17,107.45,1,7
17893.0,149,107.21,1,15
16757.0,81,106.83000000000001,1,7
15168.0,52,106.56,1,5
15070.0,36,106.2,1,1
17791.0,46,106.1,1,10
16581.0,134,105.84,1,9
15775.0,68,104.9,1,7
14027.0,62,104.82,1,6
15607.0,202,104.76,1,13
15958.0,33,104.35,1,7
18174.0,50,104.0,1,1
17548.0,58,103.3,1,5
18255.0,74,103.3,1,6
14542.0,19,103.25,1,5
18011.0,71,102.78999999999999,1,28
14836.0,45,102.44999999999999,3,5
17962.0,127,102.41,1,33
14981.0,97,102.12,1,8
13948.0,40,102.0,1,3
15212.0,36,101.8,1,5
16516.0,58,101.69999999999999,1,6
18068.0,6,101.69999999999999,1,1
17643.0,71,101.55,1,8
16006.0,84,101.4,1,8
18086.0,106,101.34,1,7
13101.0,113,101.19,1,8
16344.0,18,101.10000000000001,1,1
16498.0,45,100.97,2,15
14946.0,22,100.9,1,3
17427.0,34,100.8,1,2
14371.0,34,100.5,1,4
13703.0,10,99.5,1,1
17939.0,40,99.14,1,12
15256.0,55,98.45,1,6
17538.0,134,98.42,1,9
17349.0,102,98.25,1,8
15422.0,38,97.7,2,6
12984.0,26,97.5,1,4
17325.0,60,96.8,1,6
15216.0,28,96.6,1,2
14642.0,76,96.12,1,2
17024.0,69,95.85,3,2
17895.0,127,95.45,1,15
18249.0,128,95.34,1,8
12548.0,49,95.19999999999999,1,5
16387.0,44,94.36,1,4
13651.0,33,94.2,2,6
16339.0,21,94.05,1,17
15397.0,20,94.0,1,6
18033.0,252,93.82000000000001,1,32
15428.0,102,93.78,1,6
18227.0,21,93.75,1,5
13283.0,90,93.66,2,7
17991.0,25,93.35,2,4
12821.0,70,92.72,1,6
14054.0,62,92.46,1,6
12789.0,4,91.85,1,4
13551.0,12,91.80000000000001,1,4
13160.0,56,91.8,1,4
12659.0,105,91.68,1,5
15488.0,73,91.32000000000001,1,2
14353.0,64,90.6,1,6
13947.0,44,90.6,1,5
18084.0,312,90.47999999999999,1,1
16506.0,42,90.30000000000001,2,3
15552.0,60,90.12,1,17
16597.0,184,90.04,1,7
14117.0,72,90.0,1,3
14974.0,37,89.94,1,17
14219.0,78,89.94,1,7
14760.0,40,89.2,1,5
12686.0,107,89.14,1,7
14436.0,129,89.06,1,9
12353.0,20,89.0,1,4
15083.0,38,88.2,1,5
15180.0,36,87.5,1,6
13296.0,78,87.4,1,5
15541.0,49,85.13000000000001,1,29
13841.0,100,85.0,1,1
15729.0,28,85.0,1,5
13666.0,41,84.65,3,12
12401.0,11,84.3,1,5
17309.0,41,82.75,1,11
13006.0,55,81.57,1,4
17620.0,60,81.44,1,4
18281.0,54,80.82,1,7
16789.0,32,80.8,1,5
13967.0,42,80.7,1,2
17752.0,192,80.64,1,1
13747.0,8,79.6,1,1
15753.0,144,79.2,1,1
16078.0,16,79.2,1,1
17942.0,38,77.50000000000001,1,2
14785.0,84,77.4,2,2
13132.0,20,77.3,1,3
13992.0,64,76.8,1,5
14373.0,17,76.55,1,4
13106.0,18,76.5,1,1
17536.0,6,76.5,1,3
15668.0,72,76.32000000000001,1,1
18113.0,72,76.32000000000001,1,1
16148.0,72,76.32000000000001,1,1
14090.0,72,76.32000000000001,1,1
17995.0,133,76.1,1,2
17628.0,79,75.75,1,5
16610.0,66,75.66,1,6
13403.0,44,75.0,1,3
16468.0,31,74.9,1,2
18050.0,40,74.4,1,5
13095.0,144,74.39999999999999,1,6
17960.0,41,73.78,1,26
12506.0,23,73.5,1,23
18032.0,42,73.5,1,5
16171.0,24,73.2,1,3
17906.0,26,72.9,1,12
13686.0,70,72.0,1,8
13938.0,70,71.66,1,7
17747.0,12,71.4,1,1
13185.0,12,71.4,1,1
17022.0,108,71.0,1,7
18037.0,20,70.02,6,19
15863.0,19,68.84,2,18
14393.0,13,67.95,1,5
17382.0,25,65.4,1,2
13684.0,38,65.13,1,29
13130.0,32,64.0,1,2
13302.0,5,63.75,1,1
17263.0,36,63.440000000000005,1,23
14437.0,60,63.0,1,5
12665.0,37,63.0,1,3
14840.0,31,62.85,1,4
13218.0,88,62.63999999999999,1,5
15516.0,27,62.43,3,15
13194.0,26,60.7,1,3
17174.0,41,59.9,1,4
13391.0,4,59.8,1,1
13682.0,10,59.5,1,3
14957.0,34,58.49,1,12
13080.0,120,58.08,1,6
17775.0,72,56.4,1,3
15899.0,39,56.25,1,4
13366.0,144,56.160000000000004,1,1
16349.0,9,53.5,1,9
15504.0,33,52.83,1,13
14865.0,108,52.2,2,4
13832.0,28,52.199999999999996,1,3
15313.0,25,52.0,1,1
14682.0,80,52.0,2,1
17844.0,52,51.559999999999995,1,5
14351.0,12,51.0,1,1
13011.0,13,50.550000000000004,1,3
18184.0,60,49.8,1,1
14821.0,20,48.800000000000004,1,2
15603.0,96,48.480000000000004,1,2
16257.0,2,46.95,1,2
14080.0,48,45.599999999999994,1,4
15423.0,101,43.5,1,2
14300.0,32,43.2,1,3
15992.0,17,41.989999999999995,1,3
15178.0,30,40.5,1,3
14589.0,5,39.75,1,3
12977.0,12,39.239999999999995,1,9
16659.0,72,39.12,1,2
18019.0,7,38.45,1,5
12855.0,30,38.1,1,3
16162.0,4,37.4,1,2
17816.0,30,36.56,4,16
15940.0,4,35.8,1,1
17831.0,12,35.400000000000006,1,2
16856.0,12,35.400000000000006,1,2
14576.0,12,35.400000000000006,1,1
15744.0,120,34.8,1,3
16765.0,4,34.0,1,1
17408.0,3,32.65,1,2
13120.0,12,30.599999999999998,1,1
15657.0,24,30.0,1,1
18268.0,2,25.5,1,1
17102.0,2,25.5,1,1
16953.0,10,20.8,1,1
17986.0,10,20.8,1,1
16093.0,20,17.0,1,1
13307.0,4,15.0,1,1
15823.0,1,15.0,1,1
17763.0,12,15.0,1,1
16878.0,12,13.3,1,3
17956.0,1,12.75,1,1
16454.0,3,6.9,2,2
14792.0,2,6.2,1,2
16738.0,3,3.75,1,1
