StockCode,Total_Quantity,Total_Revenue,Average_Price,Transaction_Count
DOT,706,206248.77,292.13706798866855,706
22423,13851,174156.54,13.983936223218734,1988
23843,80995,168469.6,2.08,1
85123A,37641,104462.75,3.1178384376387043,2198
47566,18283,99445.23,5.797928193054738,1685
85099B,48371,94159.81,2.4861972498814606,2089
23166,78033,81700.92000000001,1.46848,247
POST,3150,78101.88,31.076580817051514,1126
M,6984,77750.27,234.48965189873417,289
23084,30739,66870.03,2.386401179941003,994
22086,19329,64875.590000000004,3.362331081081081,1160
84879,36362,58927.62,1.7225745257452574,1455
79321,10302,54096.36,6.7953973013493245,661
22502,1937,51408.770000000004,10.30233905579399,463
22197,56898,51334.47,1.0435543018335685,1392
23298,8466,43148.18,5.519121447028423,1146
22386,21448,42401.01,2.598733766233766,1218
23203,20485,42030.340000000004,2.275764895330113,1231
21137,11651,40633.38,4.215585106382979,375
23284,5487,38133.64,8.776284153005465,728
22720,7483,38108.89,5.83371408045977,1385
22960,8695,37082.13,5.077669902912621,1132
82484,6012,35966.92,8.440540145985402,685
20725,19432,35862.36,2.1314222503160556,1565
22178,24275,33146.82,1.6440249759846302,1037
22114,5740,32973.44,5.024473684210526,643
22910,10594,32843.840000000004,3.3676774969915764,820
22112,6017,32826.58,6.075206422018349,858
85099F,17237,32495.59,2.3821568627450977,812
22469,17963,32094.6,1.959712879409352,1201
23245,6345,31118.550000000003,5.883424657534246,873
21931,13651,30764.01,2.746616415410385,1184
22727,7800,30644.87,4.396880301602262,1051
23199,14908,30450.690000000002,2.5699290060851925,978
22470,9887,30098.11,3.2850427350427354,925
22355,18124,29254.149999999998,1.2166067415730337,882
22699,9864,29056.920000000002,3.661425908667288,1065
23355,5816,28718.800000000003,5.271557788944723,782
22411,12574,28577.1,2.689254237288136,1175
20685,4088,28049.54,8.953529411764706,696
85099C,13900,28047.74,2.605185577942736,933
22457,9119,27991.61,3.59003187250996,1249
23201,13366,27850.83,2.3900109769484086,906
22726,6419,27155.28,4.54201213346815,980
21175,12207,27029.97,2.7694334975369457,809
84347,9461,26425.579999999998,3.415258620689655,449
21915,21903,26294.08,1.4255722891566265,661
22666,8269,26219.95,3.7048793565683646,1111
84946,19209,25843.38,1.5308881578947369,905
22629,14249,25719.02,2.193337016574586,900
22961,16396,25637.78,1.9049140893470793,1162
48138,3751,25534.15,8.891294498381876,616
21181,12274,25225.480000000003,2.426067677946324,845
23173,2766,24879.13,11.119714964370546,416
21621,2787,24525.83,9.4460206185567,475
22111,4655,24455.39,5.805300896286813,771
22722,5966,24436.260000000002,4.676517119244393,834
22326,8535,24364.870000000003,3.4687721691678037,732
22138,4937,24185.27,5.353144989339019,934
48187,3807,24108.39,8.464717607973423,600
21731,14001,23919.78,2.3904327485380117,849
48185,3615,23872.91,10.12136612021858,365
23344,10285,23772.07,2.4177423822714683,716
23243,4800,23489.420000000002,5.866072186836518,470
22189,8284,23435.82,4.4527186311787075,524
21733,7872,23199.24,3.160996015936255,741
21929,11006,23179.06,2.678348623853211,865
82482,8986,23057.06,3.1030650994575044,1100
20713,11429,23001.06,2.7772809667673717,657
21623,3269,22980.239999999998,10.374389140271493,221
22139,4518,22868.260000000002,5.730788381742739,962
22090,7562,22785.06,3.7798004987531173,798
22697,7278,22755.5,3.835362035225049,1013
85066,1784,22594.2,14.308129770992366,519
22383,12518,22486.34,2.168208269525268,1284
20727,12195,22346.96,2.1077863182167564,1273
15056N,3950,22152.690000000002,6.94886462882096,456
48194,3416,22114.42,9.247993254637437,592
20712,9773,22092.42,2.9266168009205984,863
84029E,4734,22025.73,5.128721461187215,429
23202,10941,21810.43,2.2962302483069976,879
20724,17761,21773.39,1.1461973180076628,1032
20728,11786,21699.48,2.063580034423408,1150
22630,11780,21609.789999999997,2.3315268065268064,850
21523,3245,21593.74,9.514820717131473,502
23209,13170,21418.82,1.8247576301615798,1098
21843,2012,21354.3,12.607560073937153,539
21212,36396,21246.45,0.7612056213017753,1320
21928,10468,21144.41,2.697144622991347,806
21166,10324,20874.440000000002,2.3886126373626375,723
23206,12147,20852.579999999998,2.0589553656220323,1036
22659,11504,20781.649999999998,2.3154016620498616,707
22728,5356,20672.15,4.579835651074589,783
71477,6748,20650.66,4.023260188087774,316
21479,3915,20582.2,4.986313725490196,499
84997D,5103,19728.2,4.4071428571428575,473
82494L,6735,19599.49,3.2622028353326065,910
22501,1602,19302.26,14.401595505617978,445
22328,6835,19094.97,3.275880341880342,581
22467,7926,18798.670000000002,2.8794049346879533,681
22969,12520,18771.149999999998,1.7925077399380807,646
15036,23826,18569.84,1.0677649325626204,518
20914,6361,18357.75,3.2885442329227326,880
82486,2136,18343.92,9.12376026272578,605
20726,9909,18283.78,2.1818446601941743,1017
21108,10241,18056.280000000002,2.3184790874524714,262
22382,10427,18031.31,2.0130927835051544,1157
22693,16244,17927.45,1.4859344262295082,305
22835,3441,17892.96,5.887280966767372,657
22865,8439,17786.13,2.359009009009009,654
21485,3524,17663.98,5.63684375,623
22698,5788,17445.56,3.708229166666667,765
22384,10487,17388.99,2.031925522252498,1090
22077,9172,17186.62,2.211237113402062,955
22385,8666,17071.59,2.6552167630057806,686
23240,4177,17000.170000000002,4.445494505494506,536
82583,7258,16946.260000000002,2.955829307568438,609
22492,26633,16937.82,0.7850263157894737,380
21754,2759,16923.47,6.629308578745198,777
20719,13290,16744.45,1.2108571428571429,833
22993,12649,16478.48,1.497788990825688,1073
84978,12493,16453.78,1.4836289222373806,728
22624,1883,16378.710000000001,9.46253164556962,711
84078A,415,16363.300000000001,45.23225806451613,155
23301,8807,16327.349999999999,1.9439673913043478,913
21232,11842,16248.800000000001,1.676267942583732,831
84029G,3319,16148.04,5.203712446351931,459
84997B,4214,16045.970000000001,4.370267379679144,370
85152,8246,15928.730000000001,2.3584683357879235,677
15056BL,2844,15828.84,6.430311526479751,321
23313,2990,15798.66,5.548627450980392,401
22379,6896,15607.59,3.1890400000000003,748
82483,2386,15123.92,6.952326007326008,543
22084,5181,15099.37,3.2728442437923255,436
22900,4907,14938.43,3.734585635359116,533
84997C,3783,14497.03,4.257492537313433,335
22752,1787,14427.970000000001,9.79502617801047,380
22847,905,14389.34,17.408590425531916,376
22866,6611,14366.52,2.3365124555160146,548
48184,2035,14300.15,8.640073710073711,407
22507,2960,14193.35,6.295599128540305,459
23200,7067,14188.960000000001,2.4302508361204014,595
22625,1620,14082.2,9.793315018315017,546
22867,6433,14061.890000000001,2.401336898395722,554
22083,4616,14051.640000000001,3.7658756137479545,610
21930,6438,14006.2,2.7869887955182073,705
23343,6078,13972.710000000001,2.417366255144033,476
22622,1342,13931.31,12.382434456928838,267
20971,10993,13828.1,1.4207224334600759,522
84077,54951,13814.009999999998,0.3207276119402985,535
22941,1670,13795.92,9.962893890675241,311
AMAZONFEE,2,13761.09,6880.545,2
23077,10395,13695.77,1.345436046511628,344
22171,1794,13611.81,10.020785340314136,382
22551,8074,13602.109999999999,1.864023494860499,673
21524,1752,13572.06,9.204553014553015,480
23356,2359,13334.320000000002,6.205617283950618,476
22554,7803,13328.269999999999,1.9113445378151261,704
22558,8676,13325.869999999999,1.8339870967741934,772
23207,7830,13325.55,1.9909656084656082,740
23108,2219,13290.519999999999,6.469919571045577,372
23328,2841,13269.49,4.845672371638142,405
22776,1244,13078.779999999999,11.44487895716946,536
82600,6013,12833.18,2.5495810564663026,545
22499,2091,12792.25,6.789317073170731,407
22113,3220,12763.08,4.404398625429553,561
22427,2106,12647.26,6.567013752455796,506
20750,1747,12634.98,8.121839378238343,385
20749,1762,12550.57,8.065298701298701,383
20723,9793,12548.15,1.2022176308539945,722
22607,1327,12531.57,10.739052924791086,358
21790,14521,12510.009999999998,1.0157754010695188,926
22188,4870,12483.220000000001,4.3502645502645505,189
21755,2011,12435.86,6.695205047318613,629
22568,3373,12413.89,4.162959830866807,470
22424,873,12358.33,15.894339207048457,454
22149,6070,12357.08,2.455298372513562,547
23174,3055,12342.43,4.795123456790124,322
21977,24820,12226.32,0.7446931818181819,869
48188,2064,12107.02,8.819268292682928,287
47590B,2323,12050.12,5.82266497461929,393
22273,4509,12001.59,3.2667267267267266,331
22191,1445,11911.65,8.85322966507177,415
21430,3034,11905.95,4.931106471816284,477
22087,4082,11872.58,3.396042296072508,326
22193,1400,11857.07,9.24141304347826,460
22158,3413,11797.380000000001,3.352964169381108,303
23300,6809,11785.99,1.9087597911227152,758
21936,3985,11665.19,3.7098496240601504,531
23581,5020,11581.83,2.256289855072464,338
22692,1522,11539.06,9.598148984198644,443
21217,1088,11522.439999999999,12.575697674418604,344
22730,2885,11453.4,4.418076923076923,570
21481,3307,11443.87,4.10572,490
22356,9716,11417.74,1.252092715231788,742
21216,2128,11382.81,7.409124423963133,430
22041,4374,11354.56,3.676493150684932,361
21080,13202,11312.56,1.0935721393034825,986
21340,975,11300.02,13.383676975945017,290
22605,782,11276.21,16.2249,299
47566B,2379,11275.27,5.564371584699454,365
22570,3086,11204.97,4.297686375321336,386
23170,6857,11097.249999999998,2.075707865168539,445
22413,3774,11095.94,3.3484375,412
B,1,11062.06,11062.06,1
22662,6706,11060.88,1.9342608695652173,682
20711,5007,11014.62,3.1267175572519084,522
85014B,1910,10952.2,6.828942857142858,350
85048,1359,10910.61,9.306958174904944,261
71459,13605,10858.89,0.9382312925170068,440
22988,9073,10858.31,1.4978199052132701,418
22617,2209,10745.050000000001,5.468758029978586,464
22846,665,10676.619999999999,17.699460431654675,278
22734,3261,10610.04,3.5106250000000006,422
21891,8130,10504.85,1.592523148148148,425
21791,7864,10504.4,1.5057937806873976,607
47590A,1990,10491.75,5.864717948717949,390
84755,16401,10487.050000000001,0.7275401929260451,621
23208,6308,10441.91,1.9362038404726736,668
22992,5233,10373.99,2.2714044943820224,348
22169,1197,10345.76,10.152849462365591,372
21914,7876,10339.81,1.4315409836065573,603
84947,8652,10229.77,1.471534090909091,347
23582,4802,10206.41,2.2147709923664123,259
22970,4334,10140.6,2.730219435736677,317
21218,2433,10116.49,5.90964824120603,394
22569,2759,10110.83,4.278142857142857,348
22556,6113,10061.859999999999,1.7862045060658576,571
22621,6148,10053.65,1.8817932148626817,609
23171,6247,10051.99,2.128433420365535,381
22633,4851,10023.720000000001,2.1974036511156188,479
20679,1710,10021.42,7.003669724770643,326
48173C,1799,10000.66,8.200425531914894,188
22690,1619,9943.7,8.34332167832168,285
23076,8076,9935.76,1.35028880866426,277
84997A,2573,9933.880000000001,4.455807692307692,260
22619,2480,9895.04,4.664125560538116,443
22654,1411,9893.0,7.752151515151516,328
22791,7955,9873.880000000001,1.5130057803468209,345
22555,6010,9841.829999999998,1.8509351145038169,515
21314,4246,9798.980000000001,2.8415313653136534,541
22838,689,9765.11,17.272142857142857,168
22766,3267,9755.09,3.213877952755906,504
22561,5883,9741.57,1.777737556561086,433
21559,3933,9735.38,3.130447504302926,573
22144,4073,9662.28,2.5802712477396024,544
22844,1003,9661.32,10.829090909090908,416
23175,3160,9587.15,3.8787915407854987,329
22560,8144,9572.32,1.4223907455012852,389
22978,2464,9564.98,4.3442436974789915,238
22456,1727,9534.67,6.674088050314466,476
35970,5050,9512.73,2.4164301075268813,456
22952,16056,9512.07,0.7646761453396524,619
21174,4175,9405.76,2.6952573529411765,538
85150,4037,9383.43,3.0745511482254697,478
84375,4311,9383.150000000001,2.518560460652591,517
21155,3155,9296.3,3.131690427698574,485
23319,3720,9219.53,2.651167883211679,403
22749,2362,9216.16,4.118048245614035,449
22966,7440,9202.15,1.4521260997067449,670
84991,18189,9169.970000000001,0.689585308056872,828
23318,3809,9162.41,2.7416492146596863,376
20972,7337,9128.06,1.4245659163987139,616
23080,1074,9117.62,9.339272030651342,257
48116,1491,9080.68,9.6681592039801,201
22729,2323,9068.95,4.514446902654867,445
22759,5435,9027.439999999999,2.050720930232558,422
22989,2811,8999.27,3.6862698412698416,372
22632,4468,8982.830000000002,2.212280701754386,392
22771,6539,8930.44,1.5675615212527965,441
23322,3069,8878.210000000001,3.1351398601398603,562
82582,4365,8858.79,2.3959453302961276,437
23439,3986,8855.51,2.2266262135922332,397
21889,6390,8847.29,1.5789816360601001,587
84945,10545,8744.43,0.9520170454545455,347
22947,746,8714.24,13.112481751824818,137
23256,2113,8667.07,4.463064516129032,368
22147,6226,8621.14,1.6384444444444444,481
22652,5091,8612.07,1.9708723404255317,467
23534,1387,8608.9,7.53896551724138,260
22795,1211,8571.25,8.111132075471698,368
23082,2328,8558.76,4.093564356435643,297
23078,6831,8553.34,1.4267315175097277,257
21035,2599,8536.85,4.550554156171285,394
84378,6332,8518.4,1.6291907514450867,685
23493,3964,8497.98,2.156320754716981,415
21484,1871,8495.42,5.187780487804877,402
23535,1324,8440.24,7.446898148148148,215
23321,4716,8438.539999999999,1.7480124223602485,629
71053,1944,8419.32,4.824941176470588,333
21213,15169,8414.59,0.797123695976155,663
21210,5808,8368.39,1.7856512141280352,453
22768,867,8258.59,10.96038314176245,260
72741,5958,8196.0,1.5990443686006826,292
22192,954,8189.29,9.043780821917808,365
22725,1980,8153.6,4.783640552995392,428
84380,5799,8153.56,1.7178818443804036,688
22655,60,8125.0,143.42105263157896,38
22804,3131,8102.950000000001,3.1792708333333337,474
22667,2882,8045.1,3.0373885350318472,464
22909,8976,8041.179999999999,0.9908974358974358,610
21121,6606,7998.85,1.3711488250652741,379
22616,26119,7975.98,0.44826003824091776,512
21770,1638,7923.93,5.524447300771209,388
22487,784,7909.28,10.87100233100233,429
22940,1915,7890.25,4.549082568807339,321
22352,3088,7860.969999999999,3.321921487603306,482
22968,794,7851.98,11.976137566137565,189
21136,4687,7793.139999999999,1.8063031914893617,370
23238,1849,7771.610000000001,4.752158273381295,274
22173,2444,7767.8,3.8380321285140564,493
22557,4712,7762.239999999999,1.900190972222222,566
21908,3771,7752.22,2.534714587737844,468
23204,7976,7741.94,1.1219453924914675,583
23007,498,7741.749999999999,15.913423913043477,184
48111,1172,7708.48,9.613290598290599,233
21258,532,7674.799999999999,17.17723926380368,163
84406B,2015,7653.17,4.311608391608392,284
84970S,8879,7650.3099999999995,1.141173184357542,537
84949,4789,7622.639999999999,1.8617465753424658,290
21231,6054,7617.280000000001,1.5708023483365947,509
22991,3887,7604.889999999999,2.273655913978495,274
21955,1228,7580.82,9.168653846153846,206
22585,6221,7547.89,1.4756511056511057,395
22627,852,7521.89,9.536190476190477,357
22367,3749,7508.58,2.4254611211573236,550
22750,2001,7491.83,4.061346153846154,413
21668,5494,7481.16,1.6713832199546486,437
22381,3439,7433.74,3.0202536997885834,469
84836,5937,7418.07,1.3647155963302753,535
22741,8547,7363.86,1.107905982905983,233
23382,1875,7356.18,4.660950226244344,220
21169,4413,7301.7699999999995,2.245964912280702,450
23083,1932,7250.900000000001,4.236586345381526,246
20969,1960,7229.43,4.268562091503268,305
22179,966,7226.2,8.985479452054793,289
22631,3677,7199.57,2.614900497512438,396
22485,526,7190.349999999999,15.007980769230768,208
22767,774,7173.549999999999,10.27288990825688,218
22634,763,7161.3,10.312946428571427,222
21787,8875,7161.1,1.0531854838709678,243
22553,4242,7132.119999999999,1.9751052631578947,560
22950,5209,7131.549999999999,1.5890810810810811,185
22637,2760,7111.18,3.1144072948328265,329
22834,4941,7105.33,2.229490616621984,368
21669,5252,7091.15,1.5951612903225805,425
22505,1457,7084.42,5.665495207667732,311
21259,1179,7077.200000000001,7.013789473684211,285
23236,2493,7059.97,3.2796969696969698,327
23320,2661,7053.57,2.805680473372781,333
22663,3419,7051.2,2.5757427937915747,450
C2,142,7051.0,49.87943262411348,141
21912,1786,7047.7,4.942045454545455,396
22333,4492,7043.94,1.8778124999999999,317
23215,3564,7038.400000000001,2.2615962441314554,210
22946,453,7030.22,18.158260869565215,137
23543,1236,7010.76,8.530952380952382,103
23283,994,7003.38,8.65824034334764,233
23293,8471,6989.54,1.0651805054151624,552
22839,445,6981.67,18.59910891089109,201
22170,1068,6977.6,7.740037735849057,265
21922,898,6944.360000000001,9.187081339712918,208
21165,4154,6935.7,2.156901098901099,449
21094,8758,6933.259999999999,0.9860338345864661,527
21877,5411,6932.78,1.7194857142857145,349
22109,1640,6921.15,5.498528428093645,296
22840,913,6903.79,8.366014760147602,271
23254,1703,6903.110000000001,4.267142857142858,299
21257,688,6901.42,11.262595419847328,261
21326,10535,6859.27,0.8200289017341041,340
22580,1311,6848.1900000000005,5.728536585365854,246
23103,4072,6846.159999999999,1.8441489361702128,365
23109,2386,6835.02,3.264963235294118,268
23541,872,6823.91,9.71203947368421,152
75049L,7102,6812.98,1.6756937799043061,205
22294,5457,6805.08,1.453355048859935,299
23297,4303,6792.23,1.8389570552147239,161
22620,4889,6782.21,1.6602857142857141,483
21672,4992,6776.0,1.6896626506024097,409
22943,1355,6755.47,6.264258373205742,209
23229,1869,6739.71,4.2430078125,256
23008,433,6719.61,16.12609022556391,133
23480,1798,6719.14,4.428761467889909,215
23247,2194,6681.25,3.2880906148867313,309
21871,5453,6679.56,1.8128531855955676,357
85014A,1163,6678.72,6.487913669064748,278
22668,2179,6677.969999999999,4.122405797101449,345
84988,4311,6671.25,2.1471037181996087,510
23169,1556,6662.84,4.724095238095239,314
21888,1688,6659.54,4.72473544973545,378
21533,1351,6651.72,5.303294117647059,339
20718,4769,6604.29,1.7783737024221455,575
84992,13319,6532.780000000001,0.6851746031746032,615
22508,1594,6525.88,4.5645945945945945,296
21122,5325,6488.54,1.373,344
23311,2390,6488.2,2.9656772334293944,344
22141,2791,6463.790000000001,2.6021551724137932,457
23188,3471,6447.7699999999995,1.934985163204748,333
23553,568,6444.65,13.30220588235294,68
23134,1065,6431.110000000001,7.9068421052631574,38
84030E,1497,6414.69,4.949702380952381,334
22635,681,6412.33,10.368102564102564,194
84970L,6064,6411.5199999999995,1.3050436681222708,457
23571,2841,6406.91,1.8921374045801527,257
22979,4090,6391.82,1.8184334203655352,381
20676,5023,6374.81,1.631751662971175,448
23307,12049,6371.89,0.6839469578783152,629
22784,1272,6360.99,5.675478547854786,299
23172,3861,6344.409999999999,2.06783606557377,305
22303,2816,6338.25,2.7623664122137406,261
22895,2058,6334.3,3.6027972027972033,284
22151,15126,6322.21,0.5779646017699115,332
21154,4034,6320.51,1.946069868995633,451
21380,2165,6307.51,3.49,290
21935,3393,6298.61,2.336911487758945,530
22826,58,6210.0,114.02439024390245,41
23192,3516,6114.24,1.7743304843304841,345
21975,12312,6102.51,0.6264715447154472,601
23118,813,6102.18,8.39046511627907,258
21156,3170,6091.099999999999,2.3748888888888886,358
21670,4328,6083.99,1.709493333333333,374
21671,4402,6054.79,1.7286216216216217,369
47591D,3207,6052.45,2.157881548974943,439
47556B,2600,6045.0,2.325,2
21673,4372,6041.2,1.6842276422764229,365
22366,800,6034.9,9.812318181818181,220
17003,23020,6025.95,0.363402489626556,239
23526,1012,6021.4,8.24888888888889,143
48129,904,6009.84,8.774320388349514,205
21535,2487,5986.01,2.7591618497109827,343
23296,4979,5985.55,1.524240837696335,378
22174,3218,5978.78,2.596676923076923,321
23312,1423,5964.150000000001,4.452293577981651,214
22783,463,5961.25,14.623939393939393,33
23052,654,5949.34,9.784460431654676,278
22584,2330,5946.96,3.1074111675126903,196
22150,3021,5907.84,2.2756779661016946,468
23113,1154,5868.5,6.361754385964912,57
22971,2431,5849.29,2.7821167883211677,272
23485,262,5843.92,24.791807228915662,83
23154,2701,5842.88,2.2075000000000005,235
22207,1333,5833.59,6.180480769230769,208
22751,1563,5801.47,4.235924657534247,290
22740,6842,5793.62,1.1349411764705881,170
22779,1537,5789.85,4.183509933774834,149
22796,582,5787.45,10.461965811965811,232
22365,789,5754.03,9.92530726256983,179
82001S,1582,5750.21,4.426640625,127
23205,5857,5726.38,1.1491063829787236,467
22595,6788,5720.21,1.0276793248945149,467
62018,4415,5716.85,1.812295081967213,61
21242,3373,5699.71,2.085625,304
22646,4160,5684.17,2.054529262086514,390
22907,6573,5670.0,0.9899710982658959,670
22088,1893,5661.05,3.5898333333333334,238
22837,1173,5657.93,5.565,178
22466,3069,5605.79,2.4860189573459714,209
22418,6564,5585.45,1.0559561128526644,318
22488,3195,5573.679999999999,2.071558752997602,415
22798,1798,5561.3,3.781310861423221,267
21558,2131,5550.219999999999,3.376298076923077,412
23531,976,5538.26,7.661681415929204,112
23126,1109,5532.04,5.375153583617748,291
23133,782,5525.4,9.162451612903226,155
23177,2532,5521.29,2.702074074074074,267
23158,2633,5513.83,2.674823529411765,255
22429,1262,5507.18,4.848253968253968,376
23583,3385,5497.33,1.8020481927710843,325
22464,3402,5485.629999999999,1.9432294617563741,351
22964,2624,5472.6900000000005,2.5305774278215223,378
22904,1834,5467.26,3.353065693430657,271
22297,4164,5459.91,1.746631853785901,378
23135,1541,5416.18,5.675777777777777,45
22827,35,5415.0,158.07692307692307,26
22845,802,5396.929999999999,7.846624605678234,316
22349,1366,5381.5199999999995,4.129848484848485,131
23494,809,5354.01,6.812864077669903,205
21172,3485,5338.63,2.0224472573839662,467
22998,12366,5262.82,0.49730483271375464,534
22296,3140,5247.719999999999,1.8795412844036699,318
22120,523,5247.09,10.999627659574466,188
22623,937,5236.31,6.208851063829787,235
22848,323,5208.45,18.21203125,128
22665,1516,5192.08,4.052696629213483,356
22781,621,5191.01,9.835818965517243,232
22689,673,5176.25,10.198027210884353,146
21844,1847,5167.6900000000005,3.3125477707006374,156
21428,1207,5163.63,5.438282442748092,262
21164,1766,5155.9800000000005,3.292605633802817,282
22898,2414,5150.92,2.5617983651226157,365
23263,3863,5147.19,1.4479957805907173,445
23162,1412,5143.6900000000005,4.422272727272728,176
23157,2557,5143.06,2.361597633136095,163
23165,3114,5141.0599999999995,1.9777738515901062,280
23132,1020,5138.6,6.2221710526315785,152
22302,2329,5134.29,2.7265727699530515,212
37449,563,5117.29,9.906493506493506,154
22772,3793,5116.7,1.66984375,254
23397,489,5097.65,11.573870967741934,217
23234,1722,5079.78,3.3792086330935254,277
21098,3719,5078.76,1.6951538461538462,248
23295,6134,5073.45,1.1117555555555554,444
22371,1086,5072.32,5.208936708860759,392
23198,3342,5062.599999999999,1.7995876288659793,475
22780,1346,5044.34,4.1853731343283584,132
22849,323,5027.73,16.917441860465114,129
21907,2371,5027.18,2.3004347826086957,367
22957,1775,5014.650000000001,3.115555555555556,214
23314,407,5012.96,13.607881355932204,117
22636,595,5009.56,8.927575757575758,198
22271,1701,5007.35,3.38049504950495,301
21756,809,5006.26,6.620036900369003,270
23310,12050,4997.28,0.47804878048780486,245
21932,2720,4995.38,2.0698666666666665,446
22301,2205,4980.83,3.1865079365079363,252
21933,2672,4957.43,2.0688009592326138,410
22142,3247,4946.19,1.7504663212435232,377
23556,436,4937.01,12.61811320754717,53
84212,10315,4934.87,0.8927927927927929,111
23570,2772,4931.87,1.431118881118881,276
22110,1172,4912.14,4.051458333333333,279
21937,1707,4898.849999999999,3.405555555555556,251
22748,2117,4880.83,2.4816628701594534,436
23010,315,4879.599999999999,16.296576576576577,111
23351,3535,4875.65,1.5103072625698326,354
21124,4011,4863.05,1.2982644628099174,240
23503,3643,4860.55,1.279298245614035,335
21033,1932,4851.73,3.2029,300
21086,7121,4851.5,0.9603908045977011,428
21390,3903,4848.13,1.4722374429223746,212
21876,3789,4825.36,2.0920059880239523,333
23554,422,4805.53,13.047017543859647,57
22549,3188,4798.38,1.9796408839779005,356
23555,421,4780.57,12.897450980392156,50
23184,874,4764.5,6.4533082706766915,264
84050,3229,4753.53,2.165366795366795,256
22243,3098,4751.639999999999,1.9261654135338346,131
23389,1115,4751.49,4.531338912133891,237
23286,5048,4747.62,1.03009009009009,222
20677,3674,4747.34,1.6501483679525224,333
21539,969,4743.900000000001,5.474541666666667,238
20979,3734,4723.7300000000005,1.5887384615384617,325
23569,954,4717.66,5.3034693877551025,192
23159,2293,4713.52,2.3199107142857143,223
22645,2354,4709.74,2.2715211267605633,351
23558,415,4703.87,13.125384615384615,52
23176,2165,4693.08,2.663215859030837,226
82552,3012,4674.83,1.657445652173913,364
22504,247,4674.62,22.484117647058824,68
22721,1020,4671.81,5.396275167785235,297
23241,2165,4669.55,2.4851092896174864,363
22082,2680,4661.88,1.9854457831325298,409
22745,2021,4661.79,2.546305882352941,423
47599A,2456,4649.5,2.2805988023952097,165
22813,2372,4640.78,2.645229357798165,218
22606,313,4638.46,16.473846153846154,142
22628,965,4620.91,5.667329842931937,190
22295,2789,4613.969999999999,1.9075984251968503,250
21833,2726,4594.43,2.109345238095238,168
23285,4807,4572.41,1.06703125,191
22417,8420,4563.24,0.7674003795066414,520
23404,1011,4561.76,6.0208875739644965,169
23168,3291,4558.67,1.777485380116959,337
82551,2918,4542.889999999999,1.7629745042492915,351
20974,6976,4527.43,0.7523415977961433,355
23275,3720,4521.72,1.4738323353293412,325
23163,1832,4515.22,3.329234449760766,209
23112,546,4507.08,9.16721991701245,241
23309,8275,4495.85,0.7424170616113744,407
22938,2367,4488.63,2.093191489361702,186
21934,2421,4480.28,2.140631067961165,411
23167,5847,4476.009999999999,1.0025210084033613,231
84987,3051,4471.17,1.9834730538922156,334
21906,581,4470.8099999999995,9.662068965517241,173
22775,3105,4469.37,1.743677685950413,237
22942,608,4460.54,8.33764705882353,152
22089,1423,4457.43,3.5026277372262773,272
23288,4625,4444.2300000000005,1.0418817204301074,185
23530,1056,4436.27,5.577586206896552,87
22626,517,4401.86,9.169145728643217,199
20975,6633,4383.27,0.7378688524590163,362
15056P,776,4354.92,6.352222222222222,144
23349,3221,4342.6,1.5426530612244898,337
16014,13328,4335.76,0.4014814814814815,54
84692,7903,4327.38,0.6784745762711863,583
22899,2069,4326.43,2.442825396825397,313
21892,3192,4317.16,1.6051196172248803,412
21498,10526,4311.92,0.4180357142857143,336
22327,1167,4304.25,4.334896551724138,287
23050,497,4286.55,9.223268292682926,205
23237,1053,4274.39,4.251129943502825,177
22723,1164,4262.820000000001,4.301208053691275,295
22694,1842,4251.72,2.5493430656934306,405
20970,1116,4232.13,4.193650190114068,262
22061,582,4218.0599999999995,10.28958904109589,146
23089,2354,4215.78,2.380175438596491,225
22661,5194,4214.95,0.9770883054892601,415
22801,1027,4203.89,4.729107142857143,220
23144,5089,4197.83,0.9436727272727272,274
23012,1071,4197.110000000001,4.62991935483871,246
22550,1162,4194.89,4.441428571428571,217
20682,1235,4171.33,4.018487394957983,237
23110,700,4147.18,6.66234375,255
23486,275,4145.47,17.8127027027027,74
72760B,409,4145.389999999999,11.102941176470589,153
21874,2974,4141.179999999999,2.014203389830508,295
22649,795,4132.88,6.036470588235295,200
23306,2808,4123.38,1.8061290322580643,277
22596,3476,4110.42,1.299132075471698,262
22841,529,4101.77,8.441549295774648,213
23255,1014,4097.22,4.346962025316456,158
23009,263,4082.5199999999995,15.988252427184465,103
23193,1922,4079.28,2.730571428571429,175
23194,1835,4077.37,2.71331797235023,214
22577,10608,4075.3599999999997,0.4979783393501805,538
22489,9719,4072.13,0.5406053811659193,443
21116,695,4051.79,6.7411111111111115,251
22896,1584,4043.3599999999997,3.2036206896551724,288
21704,5144,4039.2799999999997,1.0033734939759036,248
23081,483,4038.25,9.407194244604316,139
23340,2500,4034.08,1.9589473684210525,151
22219,4133,4033.7299999999996,1.1821157323688969,544
72351B,2096,4007.85,2.3841176470588237,186
23129,950,3999.5000000000005,4.576279069767442,172
22431,2058,3998.7099999999996,2.3188988095238097,334
22951,7481,3990.2000000000003,0.6748868778280543,437
23130,962,3988.98,4.519456521739131,184
22493,2461,3986.64,1.9142342342342342,220
22956,2050,3983.3900000000003,2.225273631840796,198
20675,3120,3983.12,1.5869753086419751,322
84792,833,3974.32,5.533209876543211,241
22274,1340,3953.4800000000005,3.327977528089888,267
22890,385,3939.87,11.292349397590362,165
22131,2031,3936.5899999999997,2.8124324324324323,291
23557,350,3930.27,13.181875,32
22148,1933,3917.45,2.255079365079365,186
22980,2363,3910.0099999999998,1.9236734693877549,291
23049,456,3896.84,8.921505376344086,186
22117,1320,3896.4500000000003,2.9212631578947374,95
21041,914,3888.98,4.408677042801556,255
23552,1863,3881.91,2.2640650406504066,116
22222,1057,3880.2,5.441216216216216,222
21749,1963,3877.09,2.531,140
22578,10460,3876.5399999999995,0.46971698113207544,512
21716,1425,3872.92,3.385204918032787,244
23032,2328,3853.68,1.7743349753694582,199
23253,258,3848.8599999999997,17.148857142857143,70
85049A,3001,3842.36,1.4897256097560976,323
23111,312,3839.2400000000002,13.468920863309354,138
37370,2567,3839.01,5.427469135802469,159
23131,942,3835.9800000000005,4.2041379310344835,115
22738,2173,3829.67,2.3363176895306856,275
21243,2285,3827.16,2.128815165876777,210
22842,589,3823.21,7.2198765432098755,162
22350,1410,3822.1199999999994,3.13900826446281,120
21110,1105,3815.7,6.258814814814814,134
23542,506,3800.16,9.784157303370787,89
21244,2282,3789.3199999999997,2.0589847715736043,196
85049E,2860,3783.61,1.4938313253012048,409
22809,1240,3781.2000000000003,3.5039805825242722,204
23299,1012,3772.88,4.370479452054795,146
21746,3075,3766.93,1.469078947368421,226
23127,736,3759.0,5.259591836734694,194
23092,523,3757.78,8.100962962962964,135
21527,477,3724.9900000000002,8.525724137931034,144
21260,1161,3722.23,3.5810119047619047,166
22195,1976,3720.66,2.3564285714285713,373
23064,221,3717.56,45.48739130434783,23
21658,878,3709.78,5.628215962441314,212
22854,767,3708.52,5.392760736196319,161
22212,1609,3700.94,2.8394306930693074,399
23182,3741,3688.2099999999996,1.5304347826086955,433
22656,26,3685.0,146.75,20
21531,1516,3682.17,2.9028225806451613,246
23013,924,3674.1600000000003,4.672946428571429,223
21890,1147,3674.11,3.8581196581196586,231
22926,594,3656.8500000000004,6.2895408163265305,195
23091,580,3656.32,6.728142857142857,209
23497,2558,3656.02,1.62365,195
85053,1693,3649.4900000000002,2.6198136645962733,317
22378,2283,3638.5699999999997,3.022176870748299,293
22468,517,3633.17,8.304117647058824,153
23191,2201,3628.8899999999994,1.8722996515679444,281
22236,308,3624.5999999999995,12.525,88
22812,1725,3608.2999999999997,2.820315789473684,185
23294,4392,3607.81,1.089776536312849,354
22053,4244,3606.4199999999996,1.227857142857143,28
84968C,317,3585.99,14.927403846153847,104
22348,4084,3583.29,1.0849861495844875,358
23085,376,3583.23,10.834999999999999,78
21494,1928,3571.33,2.6051265822784813,313
22908,4380,3569.58,0.9678851174934725,375
85132C,1520,3562.3199999999997,3.986509433962264,211
20717,2855,3561.98,1.6730215827338129,412
22800,870,3560.74,4.955615763546798,203
22669,1128,3559.0,3.7677777777777783,234
22739,1818,3556.97,2.3681619937694705,318
23210,2849,3551.53,1.4668316831683168,192
21974,2219,3545.6,2.144388888888889,360
23332,2059,3542.7099999999996,1.7616891891891888,287
21703,9390,3528.89,0.495738255033557,294
22180,330,3521.54,11.514709677419354,155
22688,705,3519.6600000000003,9.140625,32
21992,1901,3510.72,2.065475113122172,436
23353,4007,3510.0499999999997,0.9988519637462235,327
23189,1249,3507.51,3.3956338028169015,141
21715,1330,3507.17,3.261293103448276,231
22760,275,3491.8599999999997,14.710749999999999,80
21238,3969,3488.44,1.0694117647058823,387
21745,935,3475.73,3.968046511627907,214
82580,5881,3473.21,0.8306466876971609,631
22065,6729,3462.25,1.0662948207171314,241
84508A,1631,3448.05,2.4124999999999996,36
22435,2757,3445.5,1.4632089552238805,266
23350,2712,3445.08,1.4612861736334404,305
23426,1275,3444.4300000000003,3.3344711538461542,206
21588,1494,3442.5,2.5266666666666664,132
21385,3883,3442.45,1.1086196319018404,317
23536,626,3442.13,6.794705882352942,85
23232,8526,3436.92,0.417489539748954,238
21463,649,3435.05,5.797388059701492,134
23388,821,3432.09,4.634285714285714,154
23354,3740,3429.3999999999996,0.9722121212121212,322
23065,273,3427.44,12.976161616161617,99
23156,1665,3423.29,2.261497584541063,205
23014,856,3419.5800000000004,4.863838862559241,209
84509A,896,3417.28,4.501217391304348,230
47567B,602,3414.5000000000005,6.340522388059702,133
22300,1528,3409.21,3.1201020408163265,196
21497,8550,3409.0,0.4182608695652174,230
22311,1132,3403.76,4.082222222222223,142
22782,241,3399.95,19.355405405405406,74
21429,1740,3391.1499999999996,2.321786941580756,286
22029,8161,3387.5699999999997,0.5244318181818182,527
84032A,1003,3384.98,3.4974203821656054,313
22653,1876,3378.5,1.9483399209486165,250
79000,4162,3357.34,1.01512,125
21993,1937,3355.84,2.024824355971897,425
22687,590,3354.22,11.319807692307693,52
23239,842,3353.84,4.393646408839779,178
22563,2823,3348.1800000000003,1.3495070422535211,281
22432,1716,3342.8199999999997,2.247849462365591,277
22165,415,3328.2,11.87312925170068,146
22079,1897,3325.29,2.0423312883435583,323
22855,2642,3301.73,1.5268487394957984,237
22962,3896,3288.11,1.058187134502924,342
22244,1703,3276.2099999999996,2.8271249999999997,159
22460,2546,3273.5,1.5488151658767773,211
23308,6139,3272.61,0.6942159383033419,382
22967,1171,3271.4100000000003,3.0120289855072464,138
21868,2477,3259.75,1.7556578947368422,302
23395,748,3257.08,4.915592417061611,210
23053,364,3254.32,9.819390243902438,164
22567,2448,3251.6,1.569642857142857,222
22187,1266,3245.68,3.9398969072164944,192
22430,617,3241.34,5.763367346938776,195
22746,1447,3236.5400000000004,2.5151975683890577,328
23051,365,3223.49,9.636790123456791,162
23230,7976,3217.92,0.41736170212765955,235
20973,4497,3210.27,0.7885479452054794,355
23393,801,3207.91,4.481428571428571,229
21135,2869,3206.0,1.8941208791208792,177
23035,2191,3199.99,1.6449999999999998,191
22360,1010,3192.82,3.937720930232558,214
22491,3947,3183.6299999999997,0.9124886877828055,219
23342,373,3176.41,8.833496932515336,163
21115,562,3162.24,7.511472392638037,162
22778,808,3146.82,4.897432432432433,143
23323,1469,3146.78,2.251291390728477,294
72807C,721,3145.05,5.298535031847134,157
22465,2053,3141.5399999999995,1.87605,198
84968A,267,3139.2999999999997,13.837070707070707,98
21381,1811,3131.24,2.377920353982301,224
21561,1281,3127.38,3.0350467289719627,213
23346,2628,3112.34,1.5186559139784948,184
21240,3570,3110.2599999999998,1.113211009174312,325
20754,1457,3088.86,2.5132573289902282,304
20828,1128,3074.7799999999997,3.1662903225806454,241
22972,1795,3067.64,1.9869999999999999,229
22564,2697,3057.27,1.3571505376344086,186
84997b,364,3052.9199999999996,8.582,67
23461,847,3041.21,4.551500000000001,94
22604,1251,3039.66,2.8548837209302325,125
23329,1767,3038.1899999999996,1.7691199999999998,233
22894,305,3027.3799999999997,10.172682926829268,122
23390,747,3025.59,4.389759036144579,163
23242,1470,3024.63,2.2825345622119815,214
22810,944,3022.0800000000004,3.5977108433734943,165
22892,2472,3021.6,1.2452261306532664,199
22592,658,3021.12,5.085037037037037,135
21714,1651,3010.65,1.8948458149779734,225
22945,2991,3008.92,2.2110857142857143,172
23231,7277,3008.34,0.41907692307692307,260
21201,1240,2987.82,3.166153846153846,101
22644,2214,2986.97,2.1284420289855075,276
85184C,1652,2985.84,3.1743814432989694,193
21810,5840,2981.8399999999997,0.744638783269962,252
16161P,7201,2980.42,0.41943548387096774,248
22331,1840,2975.14,2.0058469945355193,183
21411,785,2961.83,4.917489711934157,241
22777,352,2951.53,10.673793103448277,58
21918,7199,2950.25,0.5195967741935483,369
22906,1733,2947.87,2.0496899224806198,251
21625,407,2939.51,8.065411764705884,169
35004B,577,2934.8100000000004,6.268839285714286,111
23211,2329,2930.57,1.5651851851851852,160
85174,613,2927.08,7.02828025477707,157
22078,1369,2923.21,2.6293401015228426,192
22990,633,2917.4300000000003,5.315301204819277,164
22965,1371,2910.61,2.349367088607595,236
22843,450,2904.52,7.27,126
23056,963,2898.12,6.1842500000000005,39
21313,3321,2893.77,1.149158878504673,214
23290,2430,2890.3500000000004,1.4357009345794394,214
23345,2451,2886.25,1.5064204545454545,174
21112,1359,2885.13,3.0414634146341464,82
22774,2254,2871.75,1.5968794326241134,140
21990,1672,2870.0,1.9954200542005418,366
21976,5199,2869.9,0.8403266331658291,393
22354,750,2860.98,4.555903614457831,83
23212,2296,2860.89,1.4950261780104712,186
23427,237,2860.58,12.967478260869566,114
22426,742,2855.21,4.903253588516746,208
22797,163,2851.3599999999997,18.919890109890108,91
23504,1927,2848.89,1.3483410138248846,208
22930,1108,2846.8,3.073350785340314,189
23196,1872,2842.24,1.7964473684210527,298
22476,880,2839.21,6.91288,125
85178,2518,2822.58,1.3965248226950355,140
47599B,1480,2822.32,2.182372881355932,118
22380,1312,2815.46,2.6916433566433566,285
22072,848,2811.17,3.9930120481927713,162
21499,6927,2809.34,0.41695852534562206,217
21563,1395,2803.13,3.200062893081761,159
22762,171,2786.0299999999997,17.674464285714286,112
22794,326,2784.9,9.025934065934067,182
22963,3290,2777.99,1.0828478964401294,307
22224,834,2764.0600000000004,3.735454545454546,164
21109,936,2763.2,5.704310344827586,112
23190,1702,2761.8999999999996,1.7966009852216749,202
22925,449,2757.4700000000003,6.510491803278689,182
22196,2847,2754.16,1.2229853862212943,472
23147,1868,2752.2,1.5256226415094338,261
23396,654,2750.5299999999997,4.802587064676617,196
22823,24,2745.0,118.07692307692308,13
23266,2053,2743.82,1.454005934718101,319
23341,307,2741.35,9.943057851239669,121
22773,2075,2739.4,1.5244102564102564,191
23100,2166,2739.38,1.426235741444867,257
22974,1598,2729.6899999999996,2.044390243902439,204
21985,8775,2729.5099999999998,0.4177389277389277,427
22283,299,2726.43,9.944580645161292,155
20829,1314,2722.9500000000003,2.452060301507538,194
23164,578,2718.65,5.579673913043479,92
84832,2933,2712.7,1.0908487084870848,268
23407,265,2709.43,10.68142857142857,133
23489,913,2709.23,3.221454545454545,159
21239,3016,2707.34,1.1209354838709678,307
22927,430,2704.71,6.6860135135135135,148
22278,405,2704.35,7.358076923076922,178
23292,2181,2703.33,1.5313004484304933,222
23333,2089,2695.45,1.3329218106995884,233
22737,1388,2694.15,2.3409022556390977,259
23264,1963,2690.81,1.496592356687898,299
72802C,1395,2688.19,4.532056074766356,105
22702,1363,2684.6499999999996,2.037755102040816,49
21811,4850,2682.4,0.9952173913043478,245
22660,364,2678.96,9.895098039215686,102
22691,371,2678.77,9.365499999999999,120
84568,12442,2678.33,0.3868027210884354,147
22045,6527,2673.34,0.41865384615384615,208
22433,1394,2667.5,2.2754148471615716,227
22130,2277,2664.6299999999997,1.7685840707964602,110
22329,1603,2661.89,2.0687866108786612,238
21781,168,2661.7999999999997,16.81356435643564,101
84997d,319,2657.79,8.426266666666665,73
22582,1061,2649.35,3.129326923076923,102
23146,798,2645.26,3.5144155844155844,227
22902,1288,2633.28,2.6674264705882353,136
35961,2986,2629.81,1.1341129032258064,244
22792,2785,2622.93,1.1530582524271844,206
21012,1169,2614.05,2.3111940298507463,199
22830,131,2610.29,21.771666666666665,6
22241,1952,2609.43,1.610539419087137,239
23054,295,2604.93,9.533076923076923,130
22833,76,2603.5299999999997,56.508,5
22700,1196,2602.18,2.634807692307693,52
22175,877,2594.23,3.462046783625731,171
21500,6350,2593.0,0.4169014084507042,213
22361,727,2592.33,4.470148698884758,268
22933,940,2585.92,3.48869918699187,122
47559B,2077,2584.9,1.457854671280277,287
22822,433,2582.75,6.442974683544304,158
21735,212,2577.45,12.538554216867471,83
22805,1890,2576.03,1.675846153846154,195
22610,9572,2571.4,0.38857142857142857,216
22937,972,2563.24,2.9215853658536584,160
22358,698,2551.2200000000003,4.32796875,255
21452,817,2549.11,3.657795698924731,184
84596B,5023,2547.42,0.614593572778828,522
22064,1728,2546.2999999999997,2.1447368421052633,241
21078,2769,2531.04,1.2559047619047619,313
23681,1576,2525.04,1.8662406015037591,132
22670,1882,2516.75,1.6347194719471947,301
21556,977,2515.52,3.316695652173913,114
21730,517,2514.4300000000003,5.356641221374046,131
22672,1476,2511.22,2.0876923076923077,219
23424,462,2509.62,6.186740740740741,135
23316,250,2501.64,11.109454545454545,110
72351A,1264,2498.75,2.293974358974359,153
21107,901,2492.71,3.8324489795918364,97
23367,3278,2491.2000000000003,0.7566666666666667,282
21903,1160,2490.13,2.5055555555555555,180
22075,1773,2489.0299999999997,1.774009900990099,200
22215,343,2471.39,8.513465346534653,101
23352,1800,2459.2,1.511643192488263,212
85062,1462,2429.4999999999995,1.7914999999999999,159
21875,2055,2429.38,1.8340268456375837,148
22374,546,2427.52,4.770178571428572,223
22573,2684,2423.0,1.121936936936937,221
23406,456,2422.6600000000003,7.10990990990991,111
84032B,936,2421.59,3.1212451361867704,255
22811,881,2419.29,3.8372477064220183,108
22807,818,2417.73,3.7699492385786804,195
22437,2828,2417.24,1.0173127753303963,226
21328,1337,2410.43,2.2488218390804597,346
23400,461,2409.34,6.854074074074074,107
22743,930,2408.54,3.649323671497585,206
23265,1769,2404.79,1.4839016393442621,293
20978,1795,2395.05,1.6181954887218044,263
84796B,256,2393.5899999999997,9.261209677419354,124
22939,469,2392.67,6.02104,125
22167,236,2391.12,10.774935897435897,156
84969,558,2389.52,4.66047619047619,210
11001,1615,2389.44,1.89,113
22282,149,2378.52,17.214646464646464,99
23028,1369,2377.1299999999997,1.9253623188405797,137
22440,6010,2375.04,0.4556050955414013,154
20983,2737,2374.81,0.9340072202166064,268
84997c,284,2374.4399999999996,8.588787878787878,62
23437,1939,2373.63,1.4238931297709925,131
23498,1640,2372.68,1.657941176470588,99
22851,2741,2368.64,1.000593220338983,350
23048,577,2368.37,4.6737254901960785,99
23436,1979,2367.39,1.4442982456140352,114
37500,380,2360.68,7.21141592920354,113
21495,5800,2356.0,0.41769696969696973,165
23401,459,2354.87,7.090361445783133,83
23412,358,2354.8,7.724415584415584,76
22070,948,2354.4,4.214017094017094,116
22548,1975,2348.94,1.4097641509433962,209
22425,460,2346.1200000000003,5.719939759036144,166
21700,1726,2334.94,3.95715,198
16156S,5800,2331.0,0.4168862275449102,167
20977,1739,2328.64,1.5118279569892472,185
23371,1705,2304.78,1.5179032258064515,185
23029,1352,2303.9199999999996,1.8366666666666664,156
23197,1478,2303.5,1.95224,249
22483,770,2302.94,3.6001775147929,169
22736,1222,2297.1,2.3843612334801763,223
84950,3619,2297.03,0.8163636363636364,120
22829,227,2295.43,10.87275229357798,109
22441,1047,2292.9100000000003,2.5595475113122172,219
23330,1794,2286.97,1.3630044843049327,216
23360,1182,2286.4,2.0620689655172413,114
21813,549,2280.4700000000003,4.661504424778761,112
85175,5321,2278.9,0.9854545454545454,143
21896,980,2272.79,2.417927927927928,110
23252,603,2261.61,4.0390579710144925,138
22914,467,2261.21,5.506387096774193,154
23128,448,2258.6600000000003,5.266906474820144,139
22983,5290,2256.56,0.5251015801354402,443
46000S,1556,2256.2,1.45,185
21069,1949,2250.52,1.7434883720930232,86
23093,939,2239.2400000000002,2.7882394366197185,142
22030,5527,2237.89,0.4638181818181818,274
23326,3442,2237.08,2.638026315789473,76
22185,1472,2235.9399999999996,1.9492073170731707,162
21989,2409,2233.1,1.1530088495575221,335
23079,251,2225.45,8.936915887850466,106
21471,639,2220.59,3.6676073619631904,163
22601,2479,2219.83,1.0747029702970297,200
23501,1821,2217.87,1.4955263157894738,112
21982,7173,2215.6099999999997,0.4738251366120218,359
21794,522,2213.42,4.930754716981132,106
82494l,264,2211.6,8.310655737704916,61
22478,1537,2210.62,1.7830000000000001,140
23438,1809,2209.92,1.370183486238532,109
37448,1451,2206.63,1.7963157894736843,187
10135,2229,2204.89,1.4128813559322033,175
23403,625,2204.11,4.374,134
22574,2333,2199.5899999999997,1.113125,222
21042,334,2199.52,7.234477611940299,131
21900,3228,2197.17,0.9522252010723861,372
23020,180,2191.84,12.99592105263158,76
22571,2434,2185.48,1.0800387596899224,254
23302,1536,2181.4199999999996,1.8876394849785407,230
22763,206,2176.3199999999997,11.311666666666666,108
22357,468,2175.04,5.333888888888889,180
21878,2523,2172.2,1.091578947368421,224
22377,1330,2171.53,2.423816425120773,207
85038,1061,2171.26,2.542191780821918,142
22732,1645,2162.75,1.5677894736842104,188
23445,2668,2161.24,0.8659803921568627,101
21249,724,2160.0,3.8703361344537814,119
22121,352,2159.7000000000003,6.868805970149254,133
22704,5253,2158.26,0.41908045977011493,174
82581,3883,2155.8900000000003,0.7287931034482759,405
22920,3423,2153.34,0.8603278688524589,242
22107,592,2153.06,4.238901098901099,179
23031,1278,2152.2999999999997,1.827290322580645,155
23370,1550,2151.6,1.538627450980392,151
21592,2149,2149.07,1.1326008968609864,216
23161,1715,2145.3,1.593061224489796,98
22588,684,2141.32,3.5053977272727277,175
23213,1682,2138.42,1.4865806451612902,152
23066,259,2137.81,8.921294117647058,85
40016,5556,2136.34,2.2792783505154635,97
22973,1255,2136.0099999999998,2.033379310344827,144
22128,1762,2127.53,1.395921052631579,76
23005,4733,2126.55,0.5217213114754098,241
22509,209,2124.54,13.27546511627907,86
84356,424,2124.15,6.083414634146342,82
21980,6685,2121.18,0.40671140939597317,297
37450,714,2117.54,3.6647058823529415,134
22498,333,2116.04,6.843999999999999,150
21718,1493,2113.39,1.7087826086956521,229
22156,2196,2113.1299999999997,1.1691570881226052,256
23046,349,2111.4900000000002,6.809444444444445,36
22891,420,2108.18,5.823214285714285,168
23251,1712,2105.75,1.4126666666666667,120
23233,5175,2105.5,0.41861635220125787,158
22733,1583,2095.08,1.5160696517412937,197
22996,4801,2094.93,0.5296385542168675,408
23315,213,2094.24,10.776511627906977,86
21609,763,2086.69,3.0362337662337664,76
21506,4922,2085.89,0.509969040247678,323
22593,2263,2085.64,1.12425,198
22744,867,2084.8500000000004,3.1233333333333335,172
22055,1375,2083.19,2.086160714285714,220
22059,1780,2081.54,1.6124293785310733,173
22747,954,2080.85,2.4989956331877727,227
23152,554,2080.65,3.9519374999999997,159
22831,706,2070.9,3.319105691056911,121
22863,719,2070.73,3.2954545454545454,110
23227,1642,2070.06,1.5737606837606837,117
22935,690,2066.82,3.8047692307692307,65
23291,1634,2059.03,1.5237244897959183,195
22955,1040,2053.3500000000004,2.3133823529411766,134
22101,1438,2053.17,2.2659420289855072,69
47504K,2018,2048.66,1.5555555555555556,212
21864,828,2041.69,2.863763440860215,184
20751,971,2041.5200000000002,2.3687192118226603,198
22414,279,2038.39,10.092842105263157,95
23500,1626,2038.33,1.3861764705882351,98
22803,54,2038.0900000000001,38.972903225806455,31
23490,542,2032.77,3.961287128712871,101
22788,220,2025.96,12.059666666666665,60
22602,2215,2023.87,1.1233214285714286,273
22115,1549,2020.91,2.34704347826087,228
23268,1447,2018.1399999999999,1.6910112359550562,89
20674,1563,2016.23,1.5633009708737866,205
22959,4901,2014.42,0.4184507042253521,142
23289,1622,2013.7,1.5367708333333334,191
22897,1350,2013.1,1.8147641509433963,211
84880,312,2012.74,7.74987012987013,76
23529,637,2011.9900000000002,4.338648648648649,37
22503,99,2010.12,22.510882352941177,34
23358,594,2008.38,4.198539325842697,89
23274,1180,2004.9999999999998,2.0156666666666667,119
22080,1206,2003.48,1.9770063694267515,155
22859,1203,2003.07,1.9235,158
22364,616,2001.32,4.1715757575757575,164
22932,884,2000.88,2.708472222222222,72
51014A,3842,2000.06,0.6593305439330543,239
85049G,1608,1999.19,1.4033955223880596,258
22186,848,1997.48,3.0438666666666667,149
21591,1374,1996.1399999999999,1.2598692810457515,146
22928,288,1993.75,7.784695652173913,115
72802B,1028,1993.48,4.176585365853659,82
22579,5167,1988.0199999999998,0.5163896848137536,338
21622,380,1982.64,5.838846153846154,104
23357,450,1982.0500000000002,5.005242718446602,102
23145,2084,1979.4799999999998,1.0791764705882354,169
15039,2090,1978.6399999999999,1.2422758620689656,145
37446,1354,1976.09,1.7795212765957447,183
21916,4599,1973.49,0.5460273972602739,359
22477,1364,1967.9,1.7803937007874016,127
23068,809,1966.93,2.5855072463768116,136
22931,813,1963.3,2.8299999999999996,129
23374,2456,1962.83,0.867175572519084,131
23075,472,1960.3000000000002,4.248500000000001,80
23228,1492,1960.0,1.7907142857142857,125
84031A,430,1959.91,4.523454545454546,165
85123a,292,1952.4799999999998,6.64044776119403,67
23235,736,1950.66,2.9825714285714287,105
22312,645,1950.4900000000002,3.6210526315789475,131
20992,4425,1944.6299999999999,0.5452577319587628,277
84596F,3732,1943.62,0.631554054054054,435
22824,55,1938.2500000000002,35.67093023255814,43
22639,805,1935.1599999999999,2.7926490066225167,148
22412,911,1931.8500000000001,2.5650675675675676,147
22199,467,1926.59,5.2957485029940115,167
23094,152,1924.92,12.815443037974683,79
21192,1092,1923.2899999999997,2.4459340659340656,88
22183,322,1916.01,5.957364341085271,129
20963,1336,1911.17,1.8230172413793104,229
22291,1289,1906.02,1.6335245901639344,120
22594,2006,1905.7699999999998,1.1763959390862944,196
84968F,177,1905.6799999999998,12.321846153846153,65
23155,2221,1904.77,1.472074074074074,135
23491,228,1897.76,8.462151898734177,78
16169E,4563,1892.46,0.41919999999999996,149
21068,1638,1890.33,1.669396984924623,198
35004C,394,1888.1000000000001,5.244871794871795,39
15058B,228,1885.27,9.890927835051546,97
23434,2095,1884.17,0.8802,199
85061W,2146,1882.1499999999999,1.1002958579881656,162
20982,2151,1880.6699999999998,0.957104247104247,256
21534,370,1879.18,5.459615384615385,155
23394,435,1877.65,4.954210526315789,150
22027,4368,1873.71,0.5336263736263736,362
22534,4496,1871.12,0.5057142857142857,261
22198,1025,1870.9099999999999,2.2325581395348837,86
23090,2237,1870.0299999999997,0.9790131578947369,149
23359,990,1866.4599999999998,1.9862025316455696,79
70006,2702,1863.98,1.7202459016393443,120
23525,582,1863.8200000000002,4.1639622641509435,53
21988,2321,1862.75,1.0186153846153847,193
22858,1126,1860.7799999999997,1.9434306569343065,136
22428,246,1854.76,8.209649122807017,114
21870,1407,1851.46,1.5759393939393938,163
22220,231,1849.25,10.015581395348836,86
72807A,393,1845.57,5.72,107
22944,3375,1843.64,1.318859649122807,111
21557,551,1843.6100000000001,4.164846625766871,162
23378,3997,1840.08,0.46322404371584697,176
22651,2166,1837.4699999999998,1.1379411764705882,170
21873,1618,1834.3,1.6102586206896552,116
21564,1042,1831.6200000000001,3.216341463414634,123
72807B,395,1822.21,5.369285714285715,110
22712,4435,1822.2,0.5486261980830671,312
22223,441,1821.6100000000001,5.30493670886076,78
15044D,644,1819.76,3.3333333333333335,84
21713,786,1817.74,2.5079874213836475,157
23148,2139,1816.31,0.9133858267716536,247
22200,398,1809.48,5.907163120567375,140
15060B,451,1807.55,4.993053435114504,131
22536,4752,1803.95,0.44031847133757956,156
85034C,1129,1800.0,2.2984848484848484,158
23160,1450,1794.48,1.4881578947368421,76
21832,954,1790.1,2.34964824120603,198
21245,1075,1787.1999999999998,2.006124031007752,128
21034,1878,1784.1,0.95,871
22832,162,1781.82,11.533157894736842,76
21114,1341,1778.08,1.9399280575539566,138
23317,173,1777.46,11.226951219512195,82
22710,4501,1774.42,0.4163461538461538,104
23057,773,1768.67,4.781555555555556,45
21439,1430,1767.15,1.5737404580152672,130
21056,184,1765.3999999999999,10.123333333333333,72
21055,178,1764.6399999999999,10.455428571428572,105
22562,1413,1763.3700000000001,1.366824644549763,211
85035C,1137,1760.66,2.517462686567164,130
22452,722,1760.3100000000002,2.3233561643835614,144
22314,570,1759.1200000000001,3.962148148148148,133
21899,2679,1757.97,0.880391459074733,278
22852,390,1757.8799999999999,4.6368,125
23372,1389,1750.29,1.6135761589403974,147
21812,393,1746.27,5.1794,100
23399,1914,1745.55,1.1070085470085471,225
20961,1232,1745.43,1.7937554585152837,228
21584,1059,1743.35,1.6487012987012986,146
20981,1974,1740.57,0.96316,249
23101,2031,1739.6299999999999,0.9744859813084111,213
23096,1033,1736.6899999999998,2.027808219178082,146
22119,345,1734.8700000000001,6.319629629629629,106
23244,936,1733.9799999999998,2.089642857142857,112
23181,201,1733.57,9.421463414634145,82
47570B,185,1727.23,11.450645161290323,31
23122,2251,1726.09,1.0386029411764706,133
21329,941,1723.6899999999998,2.1594791666666664,287
21586,743,1721.85,2.5029850746268654,67
21845,1906,1720.3000000000002,1.101219512195122,82
22526,125,1720.26,14.447468354430379,79
85015,2180,1718.5400000000002,1.3232167832167832,143
22544,4518,1714.9199999999998,0.5311363636363636,175
22986,4105,1712.1,0.4196129032258064,155
22227,2341,1708.0700000000002,0.8917940199335549,289
22934,589,1707.47,3.2253846153846157,78
23073,143,1706.5,12.411475409836067,61
21917,4151,1701.93,0.49755555555555553,225
37340,2544,1695.86,2.6641176470588235,135
22037,3929,1695.32,0.5297183098591549,354
23214,789,1695.04,2.3925961538461538,103
22674,1346,1692.72,1.5178421052631579,187
22816,3987,1691.76,0.4599253731343283,266
51008,519,1690.5500000000002,3.4272727272727277,22
21544,1972,1687.6799999999998,1.1164,174
16161U,4075,1687.5,0.41955223880597015,134
21207,1067,1684.85,1.6689473684210525,132
23368,2379,1679.5500000000002,0.784322033898305,232
22332,1032,1677.9999999999998,1.798724832214765,148
22913,352,1673.15,5.552053571428572,112
22419,3338,1673.1,0.6032490974729242,272
22335,2380,1668.89,0.9153478260869565,225
15058A,200,1668.49,9.208988764044944,89
23366,2249,1667.95,0.8156565656565656,195
22076,1259,1667.8799999999999,1.611858407079646,225
21577,720,1664.8999999999999,2.7186285714285714,175
84968D,157,1661.47,12.196181818181817,55
22479,1139,1658.57,1.7758163265306122,98
21578,746,1657.76,2.5840944881889762,127
22789,844,1657.02,2.159928057553957,138
22853,472,1655.96,3.6286206896551727,116
21981,5468,1651.3,0.48146520146520144,271
23505,1200,1651.29,1.3546153846153848,115
47566b,199,1651.1499999999999,8.300588235294118,102
21111,900,1651.02,2.9389473684210525,94
23273,969,1649.0499999999997,1.8786725663716815,112
23270,1174,1646.32,1.501171875,125
22161,5083,1645.75,0.5981792717086835,340
22154,3745,1636.67,0.5443373493975904,162
23483,1328,1636.36,2.409054054054054,73
22474,303,1636.27,6.867651515151515,132
23348,746,1633.81,2.5796470588235296,168
35953,3581,1633.6699999999998,0.588358208955224,131
84510A,1196,1630.32,1.7437759336099585,239
85034B,945,1628.78,2.7206557377049183,120
23391,389,1628.17,4.611363636363636,87
22375,346,1626.54,5.227005988023952,167
22975,1204,1624.63,1.544627659574468,186
22799,207,1623.08,8.717191011235956,89
22473,503,1623.04,5.063124999999999,112
37495,440,1622.24,4.016630434782608,92
21706,346,1616.81,4.997333333333334,120
22445,534,1615.91,3.5214074074074078,130
22166,207,1614.4,12.049080459770115,87
23280,2023,1614.16,1.0603164556962026,157
23217,1309,1613.82,1.5415151515151517,97
21206,1290,1610.9199999999998,1.9194594594594594,109
22671,962,1608.6999999999998,2.1616666666666666,144
85040A,888,1607.32,2.0394674556213017,164
23462,80,1607.04,20.69695652173913,46
22095,1643,1605.96,1.1489333333333334,143
22305,693,1604.58,3.0107843137254897,51
22292,1136,1604.51,1.5945689655172415,112
21394,3865,1603.77,0.6057251908396946,131
23287,1879,1603.3899999999999,1.03395,198
22948,1599,1603.29,1.6767605633802816,136
22284,927,1597.0699999999997,2.036212121212121,131
23226,1247,1596.67,1.5736363636363635,98
18097C,695,1591.01,3.114782608695652,69
22475,313,1590.82,5.9325179856115104,138
22398,2575,1589.12,0.7711111111111111,248
15056n,127,1585.2800000000002,12.484761904761905,84
21626,794,1584.8,2.2763999999999998,99
22449,491,1583.95,3.25,143
46000M,1021,1582.55,1.55,137
21967,5271,1582.1499999999999,0.44693617021276594,232
23369,1105,1581.06,1.4970542635658914,126
22676,1155,1578.39,1.6345500000000002,199
21509,3741,1572.28,0.5317883211678832,274
22494,1088,1572.27,1.9077551020408163,245
22208,1509,1571.4899999999998,1.277937062937063,280
22434,793,1570.41,2.126451612903226,124
22583,573,1570.3999999999999,3.28875,111
85206A,974,1568.9299999999998,1.7577391304347825,114
22085,548,1566.99,3.175714285714286,97
21913,398,1565.83,4.369256756756757,148
84279P,377,1565.71,4.856771653543307,126
22313,565,1564.8300000000002,3.51179104477612,65
85132A,545,1561.77,5.117454545454545,110
21744,529,1557.65,3.042093023255814,127
23524,481,1557.63,4.323968253968254,63
21528,215,1557.57,7.704774774774775,111
22675,1240,1555.16,1.5539156626506023,164
22818,3633,1550.4,0.46090163934426226,244
20665,461,1546.2700000000002,4.068333333333333,156
22982,1154,1543.77,1.6372169811320754,212
22600,1698,1543.2299999999998,1.070969387755102,193
22318,462,1541.6200000000001,3.984685314685315,142
21898,493,1541.11,2.6156,25
20985,1179,1540.59,1.6459558823529412,131
84971S,1761,1540.4499999999998,1.1178612716763006,172
10133,2856,1539.6,0.6525510204081633,196
22176,512,1536.88,3.312735042735043,115
84828,1099,1536.3600000000001,1.6410326086956522,182
22731,1172,1536.24,1.5102083333333334,143
23267,1202,1531.95,1.4116216216216215,108
21200,1119,1531.1399999999999,1.9658666666666667,75
23250,1179,1531.03,1.4680909090909091,110
22828,10,1530.0,156.42857142857142,7
22472,320,1527.01,6.182429906542056,107
84968E,132,1522.53,12.58,44
22530,3628,1516.46,0.5002978723404256,233
85049C,1215,1515.69,1.3552838427947598,224
22770,94,1515.68,16.29064516129032,62
21352,378,1511.2600000000002,5.135454545454546,77
22591,413,1509.41,4.486511627906976,86
21361,106,1505.96,15.432028985507246,69
23528,479,1504.49,4.7792,50
22905,581,1502.2900000000002,2.78990990990991,110
22471,419,1502.02,5.730857142857143,105
20668,12883,1501.4,0.16444954128440367,215
22985,3782,1500.44,0.4183838383838384,99
21792,344,1497.72,5.041052631578947,76
23271,1731,1496.8899999999999,1.0537735849056602,104
22285,870,1493.2499999999998,2.0395121951219513,120
23334,2271,1491.75,0.7883823529411764,130
37342,1570,1489.01,1.5553636363636365,109
72349B,729,1486.69,2.4736206896551725,114
35924,820,1484.3,2.546081081081081,72
21327,864,1484.1299999999999,1.9820703124999999,252
22203,403,1483.13,4.484551724137931,145
84580,389,1482.43,3.863053892215569,165
23559,649,1482.41,2.8688709677419357,124
21447,969,1478.1,1.7138926174496645,148
21619,974,1476.4,1.9874545454545456,164
23392,662,1475.03,2.7042982456140354,113
22802,87,1474.74,18.740408163265304,49
22664,713,1472.85,2.869320987654321,162
21470,381,1470.32,4.109357142857142,140
23365,1857,1463.0800000000002,0.7943930635838151,169
21705,1459,1462.1699999999998,1.8397902097902097,141
84818,1423,1460.81,1.3489898989898987,99
21829,6765,1460.74,0.26303370786516855,177
23470,232,1460.5,6.810714285714286,84
21872,1292,1454.98,1.6714685314685316,142
22461,239,1453.5800000000002,10.390188679245282,53
22696,729,1452.55,2.3487179487179484,151
21191,562,1451.82,3.066421052631579,95
23086,1225,1451.43,1.5197872340425533,47
23034,979,1448.6699999999998,1.6273333333333335,88
15044A,458,1439.0200000000002,3.6700000000000004,102
22713,3441,1437.36,0.5413761467889908,217
84031B,303,1435.72,4.604758620689656,143
85054,587,1430.63,3.4877586206896556,115
15058C,240,1429.82,9.33361111111111,72
21620,881,1429.49,2.0507185628742515,165
23527,420,1428.56,3.998125,48
23249,842,1426.1,1.8880246913580248,81
22922,1587,1422.8999999999999,1.7672549019607842,102
22458,523,1421.83,3.5356521739130433,23
21407,290,1421.11,5.448623188405797,138
22182,372,1420.58,4.323770491803279,122
21507,3320,1420.24,0.5306870229007633,262
22949,956,1417.55,1.7194285714285713,105
22306,1162,1415.8500000000001,1.845840707964602,111
22714,3487,1415.73,0.5433333333333333,225
22576,1538,1414.4599999999998,1.0933333333333333,173
22531,3382,1412.41,0.48830845771144277,200
84536A,3138,1409.8999999999999,0.5375652173913043,341
82567,711,1408.07,2.007216494845361,291
22915,3152,1406.42,1.1675135135135135,184
51014C,2687,1405.73,0.7213714285714286,174
23104,118,1405.42,12.859130434782609,46
21363,243,1403.94,6.5088372093023255,125
23119,2282,1401.7,0.7791390728476821,151
21424,346,1401.02,5.450571428571429,70
22436,2134,1398.51,0.7042771084337349,163
23055,657,1395.18,5.62125,38
23040,253,1394.03,6.278372093023257,41
84813,166,1393.79,10.532105263157895,38
22443,164,1391.74,8.745333333333333,90
84795B,176,1390.64,9.090833333333334,48
21519,3299,1389.22,0.510609756097561,246
22677,1001,1389.07,1.7276190476190476,188
22976,1066,1389.01,1.5139583333333333,143
21537,332,1387.96,4.504426229508196,61
22299,1379,1386.97,1.7235,80
23376,3039,1384.9099999999999,0.5079245283018868,155
22071,729,1384.3,3.8707954545454544,86
21123,1143,1380.84,1.185923566878981,154
22363,480,1380.8,3.7919277108433738,81
21071,991,1380.28,1.71072625698324,177
22735,741,1379.21,2.5397857142857143,136
23414,141,1378.75,10.073749999999999,64
21382,1143,1376.53,2.0197674418604654,128
22047,3375,1373.5,0.41792452830188676,106
21820,329,1368.47,5.040869565217391,90
23000,3169,1368.28,0.5197132616487455,278
22609,5874,1368.1,0.41865384615384615,155
22063,583,1367.45,3.6615447154471545,120
23546,3250,1365.0,0.42,120
23221,1536,1363.04,1.0762416107382549,145
22716,3201,1360.91,0.5248611111111111,288
85227,1477,1359.3999999999999,1.1168558951965064,223
22911,463,1358.0900000000001,3.2443157894736845,94
85232B,274,1356.3,4.950000000000001,13
23469,332,1355.24,4.643611111111111,72
21039,523,1353.6899999999998,3.0876666666666663,90
22304,761,1352.88,3.118360655737705,61
21686,35,1351.64,39.8695,20
22754,1951,1350.4699999999998,1.0024253731343282,266
21615,891,1347.92,2.023623188405797,135
22421,2597,1347.1,0.6121395348837209,213
22399,1152,1347.08,1.326734693877551,98
21987,2113,1346.65,0.7704545454545454,171
22912,287,1342.39,5.285841584158416,100
22917,1937,1340.22,0.8511618257261411,240
21246,286,1336.78,4.550833333333333,96
22073,334,1336.14,4.978169014084507,69
22293,903,1335.87,1.7224,122
23061,1015,1332.68,1.5377777777777777,117
21624,216,1331.5600000000002,6.6444329896907215,95
72802A,323,1329.91,4.749375,63
23538,331,1329.54,5.7790625,32
22362,408,1329.44,4.104586466165413,133
22742,639,1323.5700000000002,3.0383168316831686,101
85183B,996,1323.37,1.8833613445378152,118
22650,851,1320.6999999999998,1.9219580419580418,143
21818,2737,1320.41,0.6024157303370786,163
22916,1905,1314.21,0.8502066115702479,237
21179,1940,1313.79,1.1986764705882353,266
23373,1608,1313.3899999999999,0.9070999999999999,100
37447,820,1313.28,2.1011304347826085,115
23405,252,1311.48,5.985492957746479,70
90057,1008,1311.3600000000001,1.3472727272727274,22
21195,693,1308.56,2.8253086419753086,80
22686,993,1308.38,1.8928481012658227,158
22028,3042,1304.1399999999999,0.5452091254752851,262
85199S,2660,1302.31,0.5927611940298507,261
21627,63,1299.83,21.961489361702128,47
21793,304,1296.6100000000001,4.584533333333334,74
22310,668,1296.23,2.583693693693694,109
21422,1607,1295.0,1.104285714285714,63
22439,1898,1293.22,0.7724875621890548,197
21866,747,1292.38,1.9597938144329896,193
22372,279,1289.49,5.0018918918918915,147
21616,822,1288.34,1.964507042253521,138
84012,1265,1283.99,1.2425862068965516,115
21408,285,1282.81,5.934786324786325,117
21064,296,1281.2,4.858349514563107,101
21901,1828,1277.89,0.8934285714285715,308
22918,1869,1275.3500000000001,0.8506224066390041,238
21090,2413,1274.1899999999998,0.638211009174312,217
47480,746,1274.1699999999998,2.4241860465116276,86
23072,334,1273.76,13.725333333333333,30
85059,411,1273.11,4.116821705426357,128
21211,883,1270.07,1.7360576923076922,103
21897,405,1268.1899999999998,3.85,3
21902,1962,1262.3700000000001,0.8843661971830986,210
47503A,2734,1254.1200000000001,0.5077976190476191,163
22977,950,1252.61,1.4786029411764705,135
22999,2894,1252.59,0.48244444444444445,222
23511,571,1252.01,2.3309090909090906,98
22597,2821,1247.49,0.6871578947368421,186
22572,1380,1244.6699999999998,1.0617032967032967,179
22442,296,1241.3,6.787179487179487,78
22074,1402,1239.6699999999998,1.40095,199
71038,238,1239.5,5.3999999999999995,47
23067,294,1236.66,4.351951219512196,78
22603,1387,1235.3799999999999,1.078125,171
22338,4679,1233.91,0.44655913978494627,180
21262,332,1233.21,4.546025641025642,78
72817,1212,1232.27,1.2376687116564418,161
23138,879,1231.51,1.5985714285714285,82
23539,247,1227.95,6.594047619047619,41
22129,1188,1226.4199999999998,1.9918,100
22613,1538,1222.61,1.0078231292517008,145
22919,1753,1221.8600000000001,0.8413168724279835,240
23142,121,1220.8200000000002,11.11675,40
22315,916,1218.93,1.4587861271676301,172
82578,2058,1217.8500000000001,0.7530944625407167,305
82599,508,1217.73,2.8935664335664337,141
22575,636,1216.22,2.208021978021978,90
23598,427,1215.53,3.2351063829787234,47
22589,379,1212.82,3.6482716049382713,79
22416,868,1210.82,1.5871052631578946,76
21846,424,1206.97,4.093398058252427,103
72800E,538,1205.64,2.5973381294964026,136
22168,143,1205.3,8.488815789473684,76
23071,315,1205.1,10.5325,19
22711,2902,1202.84,0.4192233009708738,103
84884A,301,1201.91,4.802307692307692,78
23444,79,1200.0,15.189873417721518,79
22929,19,1199.75,63.91538461538461,13
23026,556,1198.96,2.3271875,62
21986,4067,1197.73,0.4273298429319371,189
22755,1687,1187.96,0.9793280632411067,251
22453,442,1185.79,2.7555696202531643,78
21070,1106,1184.98,1.6324074074074075,107
22921,1716,1180.8700000000001,0.8432380952380953,209
23041,272,1178.48,4.61,54
22081,644,1176.5,2.313525179856115,138
23225,1355,1176.1699999999998,1.0939772727272727,88
85039B,806,1174.6299999999999,1.6247398843930634,172
23523,360,1173.8100000000002,3.9346341463414634,41
23431,1449,1171.23,1.363918918918919,72
22757,1096,1167.74,1.5376073619631903,163
21742,194,1167.58,6.092795698924731,91
20984,3785,1166.07,0.38602272727272724,170
23418,557,1166.0,2.562025316455696,79
84313C,504,1165.9099999999999,3.9976744186046513,43
23515,579,1164.98,2.3925,71
23508,2627,1163.45,0.4665625,120
21628,63,1161.65,21.74878787878788,33
22334,707,1160.7099999999998,1.7907843137254902,101
21065,562,1160.58,4.37054347826087,90
22708,2800,1160.0,0.4192,100
20801,1013,1157.8,1.610731707317073,81
22680,842,1157.79,1.6518709677419356,153
23566,881,1156.93,1.769759036144578,83
85132B,529,1156.1699999999998,3.5270666666666664,75
23507,2882,1155.67,0.4734645669291338,119
22924,1295,1154.6,1.3801149425287356,87
21773,1170,1154.17,1.7692073170731706,163
23269,779,1152.98,1.7109473684210526,94
21774,1095,1152.4,1.9209625668449197,186
22678,843,1151.56,1.671125,160
23402,296,1147.28,4.4525,68
22320,189,1147.27,6.261232876712329,73
20956,822,1146.52,1.7798039215686274,101
22325,249,1146.3500000000001,5.08505376344086,93
85106,649,1142.31,2.261,20
22497,224,1140.9,5.889399999999999,100
21043,492,1139.86,2.9795555555555553,90
21947,811,1139.65,1.6988535031847132,152
21395,2838,1139.06,0.5415555555555556,90
22581,1569,1137.28,0.8756043956043955,177
22446,439,1135.18,2.8105882352941176,133
22094,2166,1135.0,1.066600985221675,200
85159B,622,1134.5,2.090677966101695,59
22155,2452,1133.61,0.5784563758389262,142
22376,252,1133.2,4.723548387096774,122
84912B,323,1132.85,3.4332098765432097,160
22923,1360,1130.77,0.9959999999999999,80
85087,339,1129.99,3.48024,125
47585A,264,1129.44,4.854216867469879,83
22539,2918,1129.32,0.56,136
23506,2723,1129.1200000000001,0.46264900662251657,146
22211,1008,1122.3899999999999,1.2908457711442785,196
84944,710,1120.26,2.0566666666666666,83
22815,2628,1118.84,0.4901492537313432,268
23510,2521,1118.8,0.4972,120
23411,227,1118.6100000000001,5.844035087719298,56
21809,1964,1117.92,0.9476859504132231,117
21466,304,1116.89,3.8950892857142856,112
47580,388,1116.72,3.303,110
22817,2639,1114.81,0.48220689655172416,290
22608,5211,1114.6399999999999,0.33034722222222224,144
23513,566,1114.26,2.306,70
21984,3458,1112.6,0.4711214953271028,212
22342,997,1111.58,1.840078125,128
22060,231,1111.05,5.28,34
22758,1195,1110.25,1.4949720670391062,178
22153,2593,1109.05,0.5472058823529412,131
23433,1258,1108.58,1.5002247191011233,89
21693,361,1107.91,3.35,50
21830,2621,1107.07,0.46950495049504953,99
85116,941,1106.88,1.4657777777777776,89
22444,838,1106.62,1.7921052631578949,57
85127,187,1106.54,6.9253846153846155,51
85114A,649,1105.21,2.0494642857142855,56
22819,2608,1104.81,0.4670740740740741,270
22221,131,1104.54,10.617450980392157,51
21824,1916,1102.4199999999998,0.7734166666666666,117
21688,348,1101.2800000000002,3.8033333333333337,57
23375,1342,1100.6899999999998,0.9369902912621358,103
22984,2693,1096.09,0.47944785276073615,163
22997,2545,1094.93,0.49327354260089684,222
22309,369,1091.05,3.744262295081967,121
23087,868,1090.66,1.5915942028985506,69
23432,1276,1088.36,1.3654054054054052,74
22785,245,1087.57,7.300540540540541,74
15056bl,87,1086.88,12.489354838709678,62
21469,290,1085.32,3.8392134831460676,89
21991,635,1080.82,2.004245283018868,211
21224,914,1080.0,1.0932934131736527,165
84459B,721,1079.67,2.0770652173913042,91
23347,860,1077.3,1.5569387755102042,97
22611,225,1077.03,5.553829787234043,46
23102,1274,1075.03,0.970754716981132,157
22245,1262,1070.0,1.1806060606060607,98
51014L,2059,1069.1399999999999,0.6530666666666666,149
22123,508,1068.3799999999999,3.0187804878048783,122
85036C,742,1066.8600000000001,2.427241379310345,84
35648,979,1066.6599999999999,1.466946564885496,128
21819,2470,1066.65,0.544812030075188,124
23331,1596,1062.28,0.781578947368421,109
21288,355,1061.41,3.314363636363636,110
20931,299,1060.9,5.06,68
23033,714,1058.8999999999999,1.814864864864865,74
22995,2381,1058.64,0.5419402985074626,266
23516,296,1058.6,3.848181818181818,42
84459A,716,1058.18,2.2159574468085106,91
22190,676,1057.71,2.180769230769231,116
21391,1069,1055.59,1.510462962962963,106
21464,249,1055.25,4.245238095238095,105
21949,801,1054.44,1.8067586206896553,144
85035B,619,1054.1,3.307,70
16016,1273,1053.45,0.8460000000000001,65
22152,2407,1053.08,0.5537614678899082,105
23327,1734,1051.14,0.7871428571428571,41
16237,4991,1047.93,0.29846938775510207,290
22066,2239,1044.81,0.6829496402877698,135
23419,473,1043.72,2.6725581395348836,86
22163,875,1042.78,1.7872580645161291,122
85180A,503,1042.66,3.13359375,63
21508,2478,1041.94,0.5551643192488263,213
22808,345,1038.8700000000001,3.601466666666667,75
79302M,370,1037.54,3.553809523809524,62
21821,251,1037.05,5.067142857142858,62
22438,1009,1034.9,1.7488,98
23088,795,1033.28,1.627594936708861,79
22402,1719,1033.16,0.6847368421052632,151
22091,1983,1030.1000000000001,0.958502994011976,167
21788,1293,1029.24,0.9096511627906977,85
21679,1140,1028.58,1.12731884057971,138
20967,265,1027.94,4.115301204819277,83
22231,998,1027.72,1.2261904761904763,144
23545,2480,1025.6,0.41905882352941176,84
22614,3032,1024.2199999999998,0.45162162162162156,219
22024,2406,1023.73,0.5876056338028169,213
22679,740,1023.03,1.7244736842105264,152
15044C,313,1022.9900000000001,3.851818181818182,88
20966,719,1022.8,1.9605154639175257,97
22286,1123,1022.4899999999999,1.6037391304347828,115
21188,326,1021.9000000000001,3.834705882352941,50
23452,518,1021.76,2.07183908045977,87
23153,263,1020.69,4.236666666666666,90
22459,386,1018.19,3.5335999999999994,25
22860,589,1017.7699999999999,1.9718691588785044,107
22673,791,1016.08,1.490530303030303,131
21803,2353,1016.02,0.4511111111111111,198
23544,164,1015.78,7.523000000000001,20
85039A,704,1010.6199999999999,1.6261728395061728,162
23107,359,1009.51,3.2009589041095894,73
21617,525,1009.26,2.438653846153846,102
21354,799,1007.71,1.5822105263157895,95
23460,108,1007.0799999999999,9.900930232558139,43
21198,1028,1006.8199999999999,1.4450704225352111,71
72816,892,1005.3199999999999,1.9310144927536232,69
21467,264,1004.39,3.990096153846154,104
22279,831,1003.4,1.4172307692307693,128
22098,1992,1001.5500000000001,0.9610112359550562,172
22695,741,1001.49,1.74696,123
23281,1280,1000.82,0.9803846153846153,101
23121,2501,1000.4399999999999,0.5528448275862069,111
23533,215,998.64,6.166944444444445,36
23517,334,996.38,3.4480952380952385,63
22242,640,994.3799999999999,1.9782352941176469,34
10125,1295,993.99,0.8597849462365591,91
22069,414,993.5,3.196938775510204,146
21355,789,992.58,1.3647967479674796,120
85232D,193,992.5200000000001,5.95536231884058,69
84558A,333,987.4100000000001,3.1163414634146345,81
20886,485,986.23,2.4765384615384614,103
35651,451,985.8399999999999,2.9,58
20802,739,984.4699999999999,1.942063492063492,63
23380,2344,983.5,0.48520325203252035,121
21648,729,982.79,1.878939393939394,66
23518,361,980.41,3.0959090909090907,44
35471D,1848,979.11,0.9135497835497836,223
21948,640,978.23,1.904258064516129,153
23514,478,977.39,2.349189189189189,74
85064,215,976.25,6.697333333333333,30
23512,500,975.24,2.3164912280701753,57
22681,710,973.15,1.680703125,126
84843,172,969.8000000000001,6.570816326530613,48
22307,770,969.64,2.222,74
22599,1953,967.7599999999999,0.6486290322580645,123
23183,226,967.17,4.879411764705883,84
22500,248,967.05,4.889270833333334,96
22857,1145,965.8599999999999,1.338360655737705,61
21058,1154,965.66,0.9721774193548387,122
47504H,978,964.38,1.7283898305084744,118
21389,1113,964.2299999999999,0.9474626865671641,128
22209,945,964.2199999999999,1.2049425287356321,173
22246,431,962.77,2.8153333333333332,90
22540,2519,960.86,0.5225,91
22210,1017,958.04,1.130362694300518,187
20846,716,957.32,1.6134831460674157,88
22994,2194,956.94,0.5283105022831049,218
20733,1234,956.36,0.845873786407767,205
70007,841,956.36,2.124351851851852,107
84913A,273,952.83,3.4126612903225806,124
84819,811,951.79,2.2196774193548388,62
84509G,517,950.49,3.0195454545454545,66
22262,1023,950.4599999999999,1.1047887323943661,137
84596G,1855,949.0799999999999,0.6263967611336032,245
21683,310,948.7000000000002,3.3927586206896554,58
23540,150,947.0600000000001,8.424285714285714,14
21717,408,946.93,2.684878048780488,41
15044B,321,946.83,3.506666666666667,60
47593B,1987,946.13,0.6978542510121458,245
22270,243,942.1999999999999,4.418,53
22132,1038,939.03,1.2053896103896105,154
35646,619,937.25,2.0357291666666666,94
23178,327,936.89,3.360294117647059,68
21462,198,932.4,6.4089041095890416,73
22893,1872,931.02,0.6406293706293706,142
21682,182,930.96,5.496545454545455,55
23179,324,930.48,3.5243396226415094,53
22281,131,929.44,8.020793650793651,63
22046,2250,929.0,0.4189333333333333,75
23099,137,925.35,7.039152542372881,58
85103,143,924.29,7.292142857142857,28
22701,549,922.89,2.5988793103448278,115
20686,267,922.67,3.8718181818181816,77
17091J,2084,920.67,0.7027272727272726,95
20752,407,920.45,2.41722972972973,148
85114C,516,920.2199999999999,1.9419230769230769,75
21802,2122,919.14,0.4531868131868132,180
72799E,451,916.9900000000001,2.8266233766233766,76
21786,1937,916.99,0.6697835497835498,226
23338,431,915.4000000000001,2.3390825688073393,109
23002,2119,914.37,0.5232474226804124,192
85034A,498,911.4,2.7704999999999997,74
82001s,122,910.12,7.46,27
23413,173,909.3100000000001,6.318275862068965,58
22103,1248,908.24,2.12,26
37501,133,906.83,6.676530612244897,49
22519,411,906.7500000000001,2.6006818181818185,88
84519A,512,905.55,2.508522727272727,88
23004,2002,903.16,0.6030357142857142,221
85114B,477,902.49,2.204025974025974,77
21894,592,902.08,1.8283969465648853,130
23532,210,901.58,5.301612903225807,31
85131A,996,901.48,0.9148739495798318,119
85185B,297,900.3900000000001,3.411081081081081,71
22106,349,898.38,5.131914893617021,47
21465,237,897.8,3.934430379746835,79
22277,417,897.74,2.6088,100
22682,677,896.75,1.5951754385964911,113
23502,714,896.41,1.3016842105263158,94
21631,169,896.01,8.337407407407408,27
22936,279,895.97,4.326153846153846,50
22719,620,895.72,2.0745454545454542,109
21633,125,895.46,10.163571428571428,42
22761,36,895.38,25.533846153846152,26
22118,230,895.26,5.188426966292135,89
23472,58,894.42,16.09060606060606,33
84823,112,890.4000000000001,7.95,25
22251,712,889.49,1.529136690647482,137
21189,355,888.67,2.5816438356164384,72
22814,2129,888.47,0.4929361702127659,235
21199,966,888.3299999999999,1.5878481012658228,78
84536B,2102,888.14,0.5553631284916201,178
21743,299,887.6500000000001,3.8757142857142854,49
21209,1224,886.24,1.396629213483146,89
22524,642,883.1999999999999,1.616829268292683,81
46776F,210,883.12,4.2064044943820225,89
85176,918,880.4699999999999,1.2030232558139533,172
22317,286,879.6700000000001,3.65561797752809,89
84997a,106,878.7399999999999,8.29,65
84030e,108,877.76,8.488181818181818,41
22308,250,877.38,4.214476190476191,105
23423,219,876.9,4.536969696969697,66
22343,1974,873.3299999999999,0.6028723404255318,94
22565,933,872.67,1.1069127516778523,148
23479,113,872.38,8.26659090909091,44
22683,644,871.49,1.6489166666666668,119
21399,2054,869.6099999999999,0.7973239436619718,71
23220,993,869.15,1.0827884615384615,103
85049H,848,869.1,1.0584491978609627,184
21204,499,868.4399999999999,1.9561176470588233,85
21708,190,863.11,4.31640625,64
22321,893,860.93,1.2836363636363637,132
84849D,494,859.0,1.8581739130434782,114
21880,1903,858.7800000000001,0.48406639004149377,240
21695,284,857.6800000000001,3.365609756097561,41
22068,526,856.39,2.382013888888889,143
85135C,106,856.38,8.074705882352943,67
21823,1372,854.3499999999999,0.9436538461538462,97
85183A,667,852.04,1.5657954545454544,86
84535B,1332,850.2,0.9028205128205128,155
84006,918,848.6999999999999,1.0551428571428572,105
22706,2057,847.94,0.4188732394366197,71
22105,574,847.82,3.9760606060606065,33
21359,129,844.28,10.630344827586207,29
22537,1929,844.0,0.49179190751445084,171
23564,644,841.31,1.7567105263157894,76
22162,264,841.24,3.2348913043478262,91
20839,575,840.4399999999999,2.385047619047619,105
21694,307,840.33,3.395,24
37327,1578,840.0799999999999,1.6527710843373495,81
15034,6591,840.0200000000001,0.3739855072463768,138
23551,1840,839.8399999999999,0.5168115942028985,136
22276,290,838.86,3.3250588235294116,85
22254,657,836.8000000000001,1.6237704918032787,61
22102,1622,831.84,2.0570967741935484,31
22217,839,831.26,1.318170731707317,82
21125,657,830.98,1.3202884615384616,103
21642,2471,830.7299999999999,0.4958252427184466,101
22587,918,830.52,1.0437037037037036,161
21804,225,830.03,3.7701515151515155,65
20986,654,829.74,1.5937068965517243,113
22341,453,827.6299999999999,2.4683333333333333,78
22862,171,826.95,5.413235294117648,66
23017,67,826.28,12.759545454545453,22
21294,1618,825.49,0.8383561643835616,71
85194L,947,822.89,1.02986301369863,73
22093,1830,822.13,0.6054938271604938,160
72818,1845,821.98,0.7696153846153846,76
21905,760,821.61,1.401625,160
21291,943,819.64,1.0317307692307691,52
23186,1982,819.4599999999999,0.3409859154929577,70
23324,399,816.0400000000001,2.209318181818182,44
23106,291,815.59,2.9428301886792454,53
85169A,812,813.02,1.3231460674157303,88
22249,928,812.86,1.007364864864865,145
85049a,244,812.84,3.2977777777777777,36
79191C,1105,812.53,0.8364615384615384,65
23022,422,808.16,2.0316666666666667,22
84509B,217,806.04,3.8036250000000003,79
21789,925,803.65,0.9420430107526881,92
22268,2009,802.34,0.7259259259259259,158
23409,215,801.6800000000001,3.8148837209302324,43
22099,1440,800.59,0.9591139240506329,153
22546,2103,799.9799999999999,0.5354651162790698,86
85170D,451,796.99,2.7365,100
79160,444,795.83,2.0834615384615387,49
23487,80,795.5799999999999,10.365454545454545,44
85173,479,795.02,2.90367816091954,86
23521,413,793.37,4.204090909090909,44
21162,1462,792.98,0.9853658536585366,162
23519,224,792.31,4.484583333333333,24
22705,1883,790.86,0.41999999999999993,77
23335,377,790.7800000000001,2.3288659793814435,96
22566,873,789.78,1.0496078431372549,150
23568,630,787.52,1.7454166666666666,48
22340,1398,787.2099999999999,0.766328125,128
21680,868,786.31,1.2149514563106796,103
85163B,84,783.68,12.721666666666668,36
22518,363,783.5400000000001,2.668024691358025,81
84660A,843,783.45,1.6857142857142857,42
85159A,453,783.3499999999999,1.9734042553191489,47
85035A,276,782.3,3.7861904761904763,81
21158,1469,781.87,0.9722285714285716,170
22685,594,780.8,1.5481818181818183,99
21504,1891,778.89,0.4853043478260869,115
22228,1000,777.78,0.9306802721088435,147
21983,2301,777.67,0.44819354838709674,155
85231B,868,777.5799999999999,1.073896103896104,151
21272,548,777.5699999999999,1.752952380952381,103
85032A,789,776.49,1.0937037037037038,135
22422,1273,776.1,1.0353846153846153,205
84509a,104,775.84,7.46,68
22451,222,775.8000000000001,4.14686274509804,51
84279B,192,774.7,4.5343478260869565,69
22586,856,774.55,1.0627777777777776,161
84519B,471,773.3,2.3733858267716537,126
21084,2610,773.14,0.5010869565217392,181
22522,930,772.59,0.8972307692307693,128
21927,623,771.15,1.2481,99
22133,816,770.73,1.286390977443609,133
84609,93,770.59,9.6295,20
23115,152,770.32,5.8406666666666665,45
21530,777,769.57,1.614952380952381,104
21618,404,768.37,2.4651546391752577,91
23140,182,766.1,4.535769230769231,52
22786,123,764.63,7.620212765957446,47
21707,160,763.6600000000001,4.881351351351352,74
23550,1855,763.1,0.41875,64
23006,1758,762.75,0.5191907514450866,173
23458,51,762.4499999999999,14.95,30
22252,643,761.57,1.236231884057971,67
22025,1835,761.05,0.5516793893129771,130
23025,350,760.8000000000001,2.269814814814815,54
85130B,834,760.4300000000001,1.382741935483871,62
85125,161,760.39,5.201212121212122,33
17084R,4032,760.3199999999999,0.20259259259259257,27
21287,1790,760.15,0.5452727272727272,55
10002,860,759.89,1.086619718309859,71
23123,935,759.5699999999999,1.014421052631579,95
22753,1010,758.13,0.9668036529680365,217
23282,812,757.86,1.255912408759124,135
22454,266,757.0200000000001,3.0623809523809524,41
22480,630,755.96,1.2952054794520547,73
84913B,196,754.07,3.64,86
22336,2381,754.0300000000001,0.6304878048780488,79
23124,567,751.38,1.751627906976744,43
21383,991,751.28,1.0253254437869823,167
20748,57,751.17,13.468235294117648,34
22523,864,750.81,0.9484444444444444,135
23223,801,750.1899999999999,1.089438202247191,88
21126,592,748.95,1.3354330708661417,126
22495,282,748.82,3.648367346938776,98
84763,601,748.34,1.4157894736842105,57
22322,820,747.81,1.1363309352517985,139
22481,825,747.3,1.076846153846154,128
21215,1087,744.35,0.9225396825396827,124
22258,912,743.89,1.325194805194805,77
21643,550,743.31,1.8401666666666665,60
22316,660,742.37,1.3725454545454545,55
23325,462,740.9399999999999,1.8145714285714285,35
85212,2451,740.15,0.5020253164556961,79
85032B,786,739.99,1.0780451127819548,133
23114,149,737.95,5.451333333333333,45
21677,835,737.8399999999999,1.0332773109243696,119
22264,1561,736.98,1.0378571428571428,96
22393,510,736.88,2.9073239436619716,71
79030G,1403,733.49,1.875820895522388,67
84660B,707,733.28,2.104,40
23454,174,733.2,4.5190909090909095,52
23435,824,732.4200000000001,0.8976767676767677,99
22097,1596,732.39,0.6958169934640523,145
22250,819,730.9499999999999,1.0487837837837837,147
21398,1532,729.6,1.2461904761904763,63
22856,569,729.57,3.9481481481481477,27
22400,1393,729.09,0.6709868421052632,150
23522,354,727.4399999999999,3.680625,32
20996,3191,726.8900000000001,0.3208407079646018,225
22684,531,726.07,1.704,98
84754,558,725.52,1.7536507936507935,62
21883,1653,725.4200000000001,0.6445864661654136,133
90200D,175,725.32,4.1883333333333335,78
85131D,850,725.26,0.8429126213592232,206
23562,251,724.59,3.2853488372093027,43
22821,1171,722.6700000000001,0.7051079136690648,139
72803A,529,722.47,4.261463414634147,41
46775D,60,720.93,11.514871794871794,39
79067,172,719.69,5.865263157894737,38
21822,698,719.3,1.324059405940594,97
85032C,683,718.5400000000001,1.1924113475177305,140
23222,799,718.53,1.0467532467532468,75
21630,69,718.14,12.1,35
22718,1633,717.23,0.5764285714285714,168
21775,515,716.86,1.8763309352517985,139
22287,794,716.8599999999999,1.5314999999999999,80
22201,193,716.8,4.299540229885057,87
85036A,211,714.35,3.9118749999999998,60
22026,1644,712.08,0.57325,160
23042,103,711.51,7.361428571428571,28
84817,951,710.64,1.4351785714285714,55
84581,187,709.71,3.844,90
20866,597,709.7,1.4886666666666666,90
23070,160,709.5400000000001,5.090909090909091,44
21289,567,708.75,1.25,49
21143,327,707.23,2.474736842105263,36
21636,913,705.16,0.8541333333333334,73
22514,302,704.45,2.528888888888889,99
22981,471,704.13,1.8700925925925926,105
21356,642,703.3,1.219078947368421,151
21739,254,703.08,2.763153153153153,111
21106,237,702.51,3.8114814814814815,53
21476,41,699.63,18.561666666666664,24
21208,940,697.77,1.2677380952380952,83
20704,216,697.7,5.847727272727273,44
79164,1666,697.62,0.642,19
85078,1932,696.8,1.001290322580645,124
16235,3068,695.4,0.3164880952380952,168
84707A,95,695.23,9.787555555555555,45
23187,2338,695.06,0.3154666666666667,74
85049D,547,694.99,1.2957798165137615,107
21066,702,693.47,1.533148148148148,54
84660C,661,693.32,2.494666666666667,45
21650,2550,692.85,0.5017985611510791,132
35923,1318,690.52,0.7807936507936507,62
16225,813,689.35,1.4634313725490198,102
79066K,783,689.34,1.0782876712328768,146
22403,1322,689.28,0.89488,125
22324,286,688.3,3.4390666666666667,74
20902,112,686.86,6.938035714285715,56
85071B,1290,684.62,0.8929133858267717,125
21317,111,684.08,6.655142857142858,34
22339,2468,683.3100000000001,0.43829545454545454,83
85019B,512,682.97,1.9597222222222221,36
23120,1685,682.39,0.46819047619047616,100
21163,1196,680.55,1.0219847328244274,127
46776B,161,679.67,4.211818181818182,88
22136,378,679.28,2.3049999999999997,84
23597,249,679.07,3.186129032258065,31
22062,583,677.86,1.6003846153846153,73
35001G,198,677.34,3.6971875,30
21205,253,677.1899999999999,2.811971830985915,68
22806,260,677.0400000000001,3.388421052631579,38
84659A,280,676.27,2.4769662921348314,89
23428,77,675.91,9.915454545454546,33
40001,821,675.2299999999999,1.084642857142857,56
22267,836,673.17,1.094470588235294,83
21351,104,672.88,6.652222222222222,34
21696,224,672.4000000000001,3.3015151515151517,33
47591d,134,672.24,4.968928571428571,56
21261,187,672.09,5.107777777777778,45
21629,71,672.05,10.515714285714285,42
84923,162,671.62,4.146326530612245,98
22618,69,671.53,10.612857142857141,28
22535,1763,669.75,0.483955223880597,134
22204,197,669.54,3.7055,79
22057,584,667.92,1.41327868852459,61
23024,255,667.8500000000001,3.0081818181818183,11
47574A,548,665.2,1.8998260869565216,114
85199L,977,663.4300000000001,0.8388421052631578,95
37475,70,661.9799999999999,9.826279069767441,43
21613,227,661.9300000000001,3.1461904761904766,42
23547,1575,661.5,0.42,62
23482,418,661.02,1.765897435897436,39
22615,2073,660.15,0.4941176470588235,102
18098C,213,658.75,3.680980392156863,49
72349b,159,658.51,4.144634146341463,82
22450,194,657.76,3.5171186440677964,58
22756,599,656.52,1.4316260162601626,123
22448,201,656.4300000000001,3.8984444444444444,45
20767,250,656.06,2.8722784810126583,79
20658,433,652.11,1.7522429906542056,105
46776A,155,651.95,4.203714285714286,70
23224,738,649.02,1.0394366197183098,71
22525,489,648.97,1.7722972972972975,74
21187,369,648.4499999999999,2.120408163265306,48
22953,502,647.11,1.3605050505050504,98
22715,1543,645.64,0.5171538461538462,130
21747,485,645.61,1.5116666666666665,54
23408,310,644.8000000000001,2.08,59
22533,1782,644.39,0.45761363636363633,88
85177,812,644.2099999999999,1.04,63
22389,338,641.55,2.582888888888889,45
84789,186,640.72,4.039791666666667,48
35810A,633,640.0899999999999,1.6557894736842105,75
84800L,360,639.36,1.9245454545454548,22
22067,408,638.6199999999999,2.072535211267606,70
21808,180,637.83,3.535625,48
84929,2412,637.5600000000001,0.2896923076923077,65
23492,76,635.38,8.549285714285714,28
21054,70,634.53,9.226896551724137,29
23456,158,634.1,4.116666666666667,36
21640,650,633.8299999999999,1.138452380952381,78
21784,57,633.0699999999999,11.448181818181817,44
17021,2391,632.34,0.29411764705882354,47
20840,533,632.3199999999999,2.004,74
21446,449,630.92,1.5815315315315317,105
23216,525,630.73,1.446888888888889,44
22396,1226,630.37,0.748828125,128
72232,3317,630.23,0.19,65
21417,340,629.8000000000001,2.994264705882353,68
84596L,1254,629.38,0.7058720930232558,172
23019,81,629.0500000000001,8.078571428571427,28
20932,204,628.7900000000001,4.676,35
23027,295,627.95,2.216666666666667,30
79163,1529,626.55,0.498,35
22559,505,626.53,1.5980246913580247,81
20735,623,625.8,1.1194642857142856,112
22194,66,625.6899999999999,9.790227272727272,44
84665,105,624.75,5.95,17
21426,256,624.58,3.8434042553191494,46
84086C,218,622.27,2.970566037735849,53
22520,719,622.0999999999999,0.9045217391304348,113
22269,932,621.49,1.0416666666666667,125
23425,275,621.44,3.0989285714285715,56
20772,247,621.1899999999999,2.752153846153846,65
23180,122,621.09,5.939387755102041,49
22116,575,620.42,1.4704729729729729,148
85141,120,619.94,5.7587179487179485,39
84637,116,619.59,5.3020481927710845,83
21865,271,618.9300000000001,2.5725233644859813,106
21473,27,618.66,23.759999999999998,21
22035,1452,617.3199999999999,0.575036496350365,137
22288,474,616.95,1.6053225806451612,58
23471,65,616.79,10.162592592592592,27
23453,316,615.98,1.9883673469387753,47
21171,438,613.14,1.7678082191780824,73
23018,51,612.1600000000001,12.900476190476192,21
21684,771,612.1,1.258723404255319,47
22420,1333,611.3,0.5912499999999999,126
22021,365,610.4499999999999,1.73986301369863,71
20893,268,609.02,3.0580769230769227,26
22515,266,608.95,2.6092857142857144,84
85170C,335,608.53,2.6856944444444446,72
21769,11,607.6500000000001,66.36,2
21709,133,607.23,4.667118644067797,59
22233,596,607.14,1.2927777777777778,105
72598,607,605.89,1.2690526315789472,93
22359,183,605.7700000000001,3.6571604938271607,81
84625A,478,605.48,2.6080952380952382,42
22232,690,604.4599999999999,1.0685542168674698,83
20764,142,603.3100000000001,4.66961038961039,76
22255,629,602.63,1.185844155844156,77
21159,1126,601.79,1.0303225806451612,124
35971,462,600.93,1.8164835164835167,88
23520,167,600.55,3.9675,32
85017B,1077,600.29,0.6770440251572326,158
21014,1385,598.8199999999999,0.6728455284552844,119
22642,269,596.36,2.645283018867924,51
22266,1887,595.85,0.5661616161616162,92
17012B,525,595.85,1.8828235294117646,85
21292,867,594.51,0.874642857142857,28
21448,344,592.6199999999999,1.9166666666666667,77
23377,1351,592.4499999999999,0.5607462686567164,133
22247,668,591.4399999999999,1.0199137931034483,113
21581,252,590.67,2.8841772151898732,79
21253,134,590.4200000000001,5.0358064516129035,62
21015,1483,589.55,0.6625174825174824,142
85180B,271,587.2,3.28375,48
23565,410,586.31,1.8453968253968254,63
23499,1312,586.23,0.4831858407079646,110
21576,252,585.34,2.5892307692307694,78
22825,73,584.37,8.479285714285714,28
22096,1366,584.09,0.6522314049586777,117
22703,360,583.33,1.754390243902439,123
85071A,1041,583.23,0.8838938053097345,111
85144,220,582.7,3.9690476190476187,41
85036B,361,581.4300000000001,2.215918367346939,49
23537,111,581.13,6.9405882352941175,34
21096,1259,581.09,0.5745714285714285,105
22260,552,577.4399999999999,1.2758878504672895,104
84352,34,577.35,17.517391304347825,23
22820,940,575.4200000000001,0.6137179487179487,77
23016,74,575.25,8.714583333333332,24
23125,459,574.88,1.9131578947368422,38
22337,912,574.5400000000001,0.7082051282051283,77
20702,134,573.54,4.346190476190476,42
20832,1067,572.67,0.7425301204819278,82
85136A,71,572.41,8.04925925925926,53
22319,1322,572.26,0.5670491803278689,61
21468,148,572.23,4.010606060606061,66
21264,283,571.65,2.3625000000000003,48
21277,26,571.43,22.25590909090909,22
84748,204,570.86,3.2162295081967214,61
47310M,410,570.4499999999999,1.568360655737705,121
85172,1314,569.68,0.6895652173913043,43
23455,207,569.4300000000001,2.867777777777778,35
85130D,565,569.29,1.5017460317460318,62
21251,182,568.98,3.5830434782608696,46
85161,35,568.65,17.94857142857143,20
23219,430,568.6,1.52765625,61
21675,628,568.26,1.1387272727272726,110
84796A,61,568.13,9.327209302325581,43
21488,69,566.1700000000001,7.61125,16
22482,478,565.86,1.2656603773584905,53
22272,196,564.9200000000001,3.0626530612244904,48
85019A,414,564.35,2.033333333333333,33
23381,1496,562.88,0.4760493827160494,80
23272,364,562.2199999999999,1.916818181818182,44
21219,448,561.84,1.4985555555555556,89
85032D,687,561.34,1.1588297872340425,93
84569D,467,560.62,1.3740816326530612,98
84912A,156,560.62,3.5262162162162163,74
85016,563,560.11,2.0207142857142855,42
85163A,66,559.0,11.20625,32
71279,175,558.37,3.677179487179487,38
90062,44,558.03,12.656538461538462,26
21662,86,557.3000000000001,8.161538461538461,26
85187,337,556.53,1.8753521126760564,69
23069,88,556.21,6.4440625,32
23451,277,556.17,2.273396226415094,52
21194,498,555.97,1.6775757575757575,65
85025B,329,555.1199999999999,2.337105263157895,38
84951B,451,554.78,1.8233734939759036,82
17129F,588,553.8299999999999,1.37,57
35599D,201,553.07,4.017058823529412,34
84951A,475,553.01,1.8238709677419356,93
23473,678,552.02,0.9533333333333333,51
47563A,285,551.51,2.583714285714286,105
35599B,217,551.13,3.4596296296296294,27
35965,366,551.13,2.3904347826086956,69
22903,193,550.6,3.033728813559322,59
21397,1075,550.43,1.0604615384615383,65
23457,112,549.88,5.109354838709678,31
21849,173,548.93,3.803823529411765,66
23549,1305,548.1,0.42,52
21638,247,547.76,2.56675,40
23484,185,547.35,3.673333333333334,35
23074,246,547.27,2.623125,48
17012D,461,547.24,1.8228865979381443,97
21128,68,546.6,10.019166666666667,36
84598,1975,546.04,0.38494949494949493,99
22261,579,544.7099999999999,1.1352727272727272,107
23043,81,543.51,7.33,23
85107,249,541.39,2.51448275862069,27
22513,152,539.9,4.666716417910448,67
22023,1206,538.72,0.5998639455782312,146
84625C,449,536.41,2.384857142857143,35
22717,1229,535.78,0.5551908396946565,131
23398,606,535.35,1.0450666666666666,69
22496,253,535.11,3.0289873417721522,79
85088,259,534.83,2.3871153846153845,51
23660,306,534.66,2.2404761904761905,42
85114c,162,534.66,3.298,35
82613D,696,534.24,1.369099099099099,111
22543,1453,530.8,0.502,55
17012F,448,530.6,1.7973404255319148,94
35241,103,530.49,5.912272727272727,44
21801,1251,530.26,0.42296,125
21270,50,530.19,11.344722222222224,36
75131,490,529.21,1.8033333333333335,15
23139,414,528.6999999999999,1.6128571428571428,27
22709,1325,528.5,0.41641025641025636,39
21059,611,528.2299999999999,0.9231914893617021,94
23060,249,528.1700000000001,2.2197727272727272,42
22707,1257,527.94,0.42,49
22275,69,527.85,7.65,1
85104,201,525.75,3.2276470588235298,17
22521,609,525.51,0.9174285714285714,104
22248,593,525.09,1.0403603603603602,109
85135B,65,524.5500000000001,8.051739130434783,45
20785,14,523.3000000000001,39.15,5
22861,305,522.93,2.0107999999999997,50
85131B,623,521.11,0.8377906976744186,172
85025C,321,520.91,2.0585,39
84816,13,519.35,39.95,10
23336,225,519.25,2.604418604651163,85
84313B,127,518.61,6.107435897435898,39
21455,612,516.79,0.8565833333333333,117
21711,104,513.02,5.247777777777778,36
22216,588,512.93,1.1177941176470587,68
23136,135,511.89,4.034081632653061,49
21926,414,509.9,1.2468333333333335,60
22280,468,509.59,1.2945833333333334,95
72819,225,509.07,2.9211627906976743,43
84520B,554,508.36999999999995,1.1018518518518519,80
20681,140,506.96,4.205744680851064,46
20761,120,505.97,4.461746031746031,63
20998,185,505.20000000000005,2.66231884057971,69
22127,404,504.88,2.227826086956522,22
21654,974,504.68,0.9606666666666667,59
84687,81,504.43,7.804193548387097,31
84616,14,504.32,39.39666666666667,9
21067,317,504.15,1.7896103896103894,76
21925,403,503.75,1.25,65
82616B,343,502.74,1.9437333333333333,73
21710,107,501.98,4.822666666666667,45
82616C,324,501.44,1.9223529411764706,85
85231G,594,501.27,0.9924390243902439,81
23117,93,501.23,5.598888888888888,45
22181,591,500.90999999999997,0.9998245614035087,57
23021,120,500.82000000000005,4.441851851851852,27
82613B,583,500.24,1.4934234234234232,111
23560,172,499.18,3.543846153846154,26
21972,335,499.08,1.6887692307692308,65
84509C,130,498.94,4.149019607843137,51
22050,1225,498.5,0.418,40
23466,55,498.03,10.084444444444443,27
23045,118,497.9800000000001,4.4812,25
84970s,238,496.49,2.0875757575757574,66
22511,251,495.2,2.802037037037037,54
22516,206,494.89000000000004,2.73421875,62
20766,122,493.57,4.450862068965517,57
21358,411,493.29,1.1811111111111112,108
35598D,684,493.01,1.4949999999999999,42
46776C,117,492.79,4.221525423728814,59
21632,88,489.74,8.200000000000001,24
85194S,1197,489.17,0.6436111111111111,72
21850,129,488.13,4.301481481481481,54
35809A,420,488.06,1.9277777777777778,62
21202,474,485.46,1.7524000000000002,25
21454,572,485.15999999999997,0.8598561151079136,136
84820,259,483.05,3.877741935483871,31
23218,379,483.03,1.57225,40
21634,976,481.95,0.8446428571428571,28
22638,300,481.88,2.2776923076923077,52
17012C,420,481.79999999999995,1.7676470588235293,85
23691,1175,481.5,0.4184210526315789,38
22230,1047,480.62999999999994,0.792135922330097,101
90209C,263,480.5,2.059354838709677,31
21867,348,480.25,1.5743076923076922,121
21741,147,480.1700000000001,3.8230000000000004,40
84849B,266,478.83,2.053421052631579,76
23422,213,477.89,2.777872340425532,47
85049F,378,477.34,1.2898901098901099,88
21472,123,476.41,4.1597297297297295,37
20803,939,476.38,1.1465,40
23561,170,476.0,3.40875,16
21587,195,475.65,2.5344827586206895,26
85093,708,475.18,0.8860674157303371,88
22184,56,471.86,8.427142857142856,35
21366,89,470.16999999999996,5.890851063829787,46
20716,400,469.63,1.3158108108108109,73
20707,464,468.39,1.0885906040268456,149
20615,309,466.99,2.5613684210526313,95
84674,193,466.95000000000005,3.2604166666666665,47
20831,216,466.53000000000003,2.737948717948718,39
84917,184,466.3,3.976666666666667,27
22647,732,466.18,1.405111111111111,45
23379,1220,465.36,0.5376623376623376,76
21374,304,463.79,2.366739130434783,46
20838,385,461.45,1.8773684210526316,57
35598B,558,460.64,1.9308,25
21003,78,460.58,5.887391304347826,46
22344,1225,459.81,0.6346052631578947,76
21063,528,458.31,0.9322549019607843,102
21062,538,457.38,0.8575675675675676,74
17096,2545,455.9800000000001,0.3025,24
21851,141,454.99,4.154603174603174,63
35004G,127,454.65,5.35,21
84916,223,453.39,3.9479310344827585,29
85169C,429,452.86,1.218913043478261,46
21061,488,451.7,1.0548192771084337,83
21641,1153,451.59,1.0971428571428572,49
23548,1075,451.5,0.42,43
23509,1062,451.46000000000004,0.4865151515151515,65
48189,27,451.10999999999996,16.712352941176473,17
84872A,40,450.08,11.3675,32
22517,199,447.63000000000005,2.5105797101449276,69
20669,304,447.34,1.6915841584158415,96
20770,184,447.25,2.4995833333333333,72
21365,363,447.09000000000003,1.972962962962963,52
84600,53,446.89,9.4516,25
22640,237,446.84,2.5242105263157892,57
22486,71,446.45,8.1356,25
84920,115,446.23,4.163541666666666,48
22598,990,446.2,0.6635416666666666,95
84976,512,446.15000000000003,1.4297297297297298,37
21415,219,446.02000000000004,2.722391304347826,46
21220,338,445.01,1.5551685393258428,89
21656,219,444.58,2.208085106382979,47
21580,181,444.07,2.890483870967742,62
82613C,537,443.38,1.4461458333333332,96
20903,82,441.89,5.576964285714285,56
22643,238,441.83,2.1975,48
35637A,170,440.62,4.99,28
22390,266,440.34,2.7905555555555552,36
20619,262,439.65,2.136767676767677,99
20768,176,438.57,2.647272727272727,55
23023,274,437.81999999999994,1.7651999999999999,25
85111,1409,437.59,0.49448275862068963,57
85130C,482,437.22,1.077659574468085,46
21828,330,435.79,1.4801176470588235,84
22545,1142,435.67,0.5626666666666666,75
84360,78,434.12,6.554,20
17107D,170,433.5,2.55,46
35653,150,433.19,3.3453846153846154,52
85168B,51,432.78999999999996,8.475142857142856,35
22229,568,432.46,0.9327184466019417,101
23058,490,430.86,1.2252083333333335,48
20705,143,428.85,4.807142857142857,28
21002,125,428.66,3.3995454545454544,66
21088,1678,428.28000000000003,0.41398058252427183,103
85071C,683,428.0,1.2516981132075473,105
21758,50,427.46000000000004,9.839375,32
77101A,387,426.94,1.345,22
20934,68,424.46000000000004,7.133125,32
84931B,177,424.08,2.396734693877551,49
90200E,103,423.41,4.187727272727273,44
23044,101,423.29,4.309230769230769,25
21318,694,421.78,1.318,49
90154,57,421.75,8.61,5
85136C,52,421.18,8.079444444444444,36
72799F,144,421.13000000000005,3.036666666666667,30
20762,106,420.08,4.153214285714286,56
21129,52,419.52000000000004,9.361851851851853,27
22134,889,419.0,0.6503067484662577,162
84970l,201,418.98,2.089,50
90114,167,417.96,2.4803409090909088,88
85208,223,416.91,2.0664583333333333,48
22214,193,416.59999999999997,2.6326785714285714,56
20765,102,416.05,4.255762711864407,59
21147,203,415.77,2.046493506493506,76
22405,372,415.36,1.431857142857143,70
22108,152,415.09000000000003,3.1066666666666665,63
21285,365,413.88,2.175581395348837,43
21884,1166,413.76,0.761505376344086,93
90161C,83,412.74,4.986000000000001,50
23459,33,412.5,12.5,19
15056p,33,412.48,12.5,26
84658,57,412.23,7.2995652173913035,22
23415,328,412.17999999999995,1.4517021276595745,47
84596E,564,411.68,0.9810126582278481,79
84806B,308,411.55999999999995,1.387,20
21817,906,410.91,0.5645901639344262,58
22447,137,410.81,3.2939999999999996,45
20830,136,409.83,3.0435135135135134,37
21579,176,409.72,2.574,50
22051,975,409.5,0.42,39
85203,895,408.99,0.5677272727272727,127
16219,3048,407.71999999999997,0.5172,100
84821,935,407.15,0.614390243902439,40
35964,783,404.08,0.8463366336633662,100
22406,346,403.46,1.5136904761904764,84
22510,210,402.74,2.394285714285714,42
23339,173,400.84000000000003,2.511578947368421,76
23576,198,400.03999999999996,2.4010526315789473,37
23429,47,400.01,8.887391304347826,23
23039,199,399.71,2.3906896551724137,28
22345,1117,399.05,0.5980821917808219,71
37476,37,399.02,11.486666666666666,26
21131,106,398.02,5.6049999999999995,28
18007,5884,395.61,0.27483870967741936,30
23661,219,393.59,2.2335294117647058,33
22048,975,393.5,0.4175,32
20867,331,393.46999999999997,1.3503225806451613,62
47421,994,393.0,0.4160655737704918,55
90200B,93,392.83,4.204893617021276,47
23150,148,390.75000000000006,2.9436734693877553,49
85232A,78,389.55,5.624137931034483,29
84826,1162,389.38,0.5578787878787879,31
21373,512,389.04,0.8572340425531915,47
23337,180,388.75,2.287971014492754,69
35095A,925,388.57,0.6903,100
84974,39,388.04999999999995,9.95,28
22256,286,387.9,1.6088235294117645,50
21879,1176,385.47,0.5863157894736841,94
84247E,140,384.09000000000003,2.705,48
21881,1102,383.11,0.6788607594936709,79
20854,242,383.02,1.685609756097561,41
21197,284,382.9599999999999,1.6192592592592592,27
23116,76,382.44,6.240909090909091,22
84919,58,381.78000000000003,6.534827586206896,29
22346,1034,381.09,0.5978333333333333,59
85179A,193,380.79,2.8252542372881355,59
21562,324,380.36,1.4353571428571428,28
16045,8900,380.0,0.043478260869565216,68
46776D,89,378.29,4.200810810810811,37
90161B,76,377.88,4.984594594594594,37
21051,192,377.2,2.0466666666666664,51
90160C,54,377.04,7.003076923076923,26
47367B,112,376.27000000000004,3.3988372093023256,43
17012A,323,375.93,1.9546969696969696,65
84559A,397,375.60999999999996,1.1461702127659574,94
21635,271,374.96000000000004,2.263125,16
21284,403,374.49,2.0392857142857146,42
84663A,272,374.12,2.9629411764705886,34
21945,358,373.34,1.3124528301886793,105
84915,217,372.33,3.890869565217391,23
21689,95,369.87,4.273846153846154,26
84563A,96,369.84000000000003,4.716285714285714,35
20782,53,368.08,7.535185185185185,27
23575,179,367.34999999999997,2.5823529411764703,32
16011,1749,367.29,0.21,46
22532,1072,366.75,0.4473333333333333,73
22769,11,366.73,37.61,8
21320,197,364.22,2.941,19
22265,536,363.55,0.7798571428571429,64
21286,273,362.12,2.675,30
35957,688,361.81,1.430731707317073,41
21348,140,361.55999999999995,3.31,6
21000,96,360.84,3.6173076923076923,52
16008,2892,360.71,0.13614285714285712,70
85049e,109,360.71,3.2950000000000004,42
84632,6,359.70000000000005,59.95,5
21060,405,359.28999999999996,0.946619718309859,71
23579,169,358.75,2.6265714285714283,35
20856,216,357.28999999999996,1.670327868852459,61
82095,68,356.11,5.318666666666667,30
85169D,351,356.08,1.3084,50
85169B,329,356.06,1.4383870967741934,62
84569A,294,355.84,1.2592307692307692,65
21724,408,355.83,0.9703703703703703,81
90209B,184,355.64,2.074,54
22100,755,354.82,1.1886440677966101,59
35095B,862,352.25,0.6579591836734694,98
23420,164,351.37,2.33625,32
35954,1245,350.48,0.860909090909091,54
21555,137,350.46999999999997,2.590869565217391,69
79030D,581,350.22999999999996,1.4721276595744681,47
21664,98,350.22,3.7310526315789474,18
21723,397,350.08,1.0294915254237287,59
37482P,494,349.35,2.7468749999999997,47
23421,160,349.2,2.5148484848484847,33
21263,167,349.17,2.4969767441860466,42
22529,851,349.03,0.46014285714285713,70
84924A,81,348.59000000000003,4.996363636363636,33
21421,299,348.43000000000006,1.3821428571428573,14
21222,265,348.19,1.5762162162162163,73
21001,73,348.19,4.6192,50
20652,265,346.86,1.575897435897436,78
84563B,94,346.3,4.016315789473684,38
20700,73,345.17,4.981111111111112,54
47591B,209,344.78999999999996,1.6485714285714284,56
84849A,180,344.34000000000003,2.3567924528301885,53
22104,288,343.71,1.58,59
90149,53,342.76000000000005,7.21,4
85129D,207,342.74,1.9433846153846153,65
47559b,103,342.65,3.31,28
84766,146,340.7,3.3785714285714286,14
84631,40,340.58,8.713333333333333,24
21221,261,340.22,1.3612962962962964,54
23015,40,338.38,8.691052631578946,18
22547,809,338.23,0.6317647058823529,101
21167,1432,337.14,0.34253731343283583,67
72122,324,335.78999999999996,1.1914516129032255,61
71270,236,334.98,1.7107999999999999,49
23047,58,333.5,5.75,25
85230B,1288,333.2,0.2776923076923077,39
22259,481,332.84,1.0475555555555556,44
84952B,186,332.14,2.971724137931034,29
84638,50,331.5,6.668918918918919,37
21248,205,330.71999999999997,1.8424242424242423,66
85213,829,330.54999999999995,0.8269696969696969,33
90200A,78,328.44,4.1948,50
84926E,968,327.79999999999995,0.5441025641025641,39
16259,3380,326.56,0.0967741935483871,31
84708B,62,326.35,5.931052631578948,19
85204,2050,325.35999999999996,0.3334285714285714,104
23037,196,325.15999999999997,1.886,20
23478,285,324.40000000000003,1.5130769230769232,13
90147,32,324.01,10.19391304347826,23
85205B,122,323.15,2.8713333333333333,29
22135,567,322.38,0.6762569832402234,179
84509c,43,322.22,7.495555555555556,27
21403,1857,322.18,0.25075471698113205,106
16238,1396,321.67,0.3123880597014925,134
22092,670,321.40000000000003,0.5719780219780219,91
21425,87,320.49,4.644,30
16236,1438,320.09,0.30455882352941177,136
21371,287,319.71,1.6355263157894737,38
20936,100,319.66,3.7341176470588238,34
22202,64,319.35,5.68972972972973,37
90161D,64,318.89000000000004,4.997941176470588,34
72586,691,317.83,0.6486746987951807,83
84884a,38,317.71999999999997,8.345384615384615,26
84931A,133,317.44,2.511764705882353,51
46118,232,317.16999999999996,2.807608695652174,46
22765,27,316.95000000000005,19.874000000000002,5
85170B,215,316.75,2.3964102564102565,39
35915C,315,316.46,1.0498333333333332,60
84876B,218,315.81,2.417058823529412,33
21026,255,315.75,1.5561764705882353,68
90198A,75,315.73,4.195227272727273,44
47594B,170,314.54999999999995,1.9028571428571428,56
84584,144,314.51,2.2963333333333336,30
17084N,1264,313.31,0.3538613861386139,101
23695,741,313.24,0.5042105263157894,57
85202,672,313.13,0.5484821428571428,106
85014b,25,313.06,12.505217391304347,23
21942,287,313.01,1.3337864077669903,103
21375,41,312.77,8.400357142857143,27
20780,47,312.7,7.693793103448276,28
84358,33,312.7,10.543076923076923,13
21841,73,310.25,4.25,21
21944,337,310.19,1.1922772277227722,100
47021G,582,309.29999999999995,1.9044444444444442,27
21442,437,307.94,1.0454237288135593,59
21719,345,307.44,1.0569491525423729,58
23495,225,306.66,1.7221951219512195,41
22124,149,306.16,2.4578947368421056,76
22043,1238,304.5,0.29765625,64
22040,725,304.5,0.42,28
22641,139,303.72999999999996,2.5927027027027023,37
20622,185,303.7,2.4062745098039215,51
23430,36,301.88,8.621111111111112,18
35912B,252,301.26,1.685,20
84661B,115,300.24,3.3796551724137927,29
22409,228,299.72,1.5082456140350877,57
21761,10,299.5,29.95,10
23440,164,299.36,2.022,5
20897,107,298.27,3.1816666666666666,24
90184B,33,297.94,9.054285714285713,21
84596J,568,296.45,0.8294117647058823,68
20655,197,292.29,1.7224242424242426,99
35911A,319,292.07,0.973,70
21441,421,292.03,1.0741935483870966,62
23567,211,291.58,1.823157894736842,37
22049,1050,291.5,0.2736363636363636,33
23410,36,290.1,8.027777777777779,18
16015,662,289.98,0.48833333333333334,24
85024B,193,289.65,1.633333333333333,12
79051A,823,289.54999999999995,0.37857142857142856,41
21503,726,288.92,0.4165217391304348,23
46776E,67,288.43,4.24421052631579,38
79190B,707,288.36,0.5775438596491228,57
20618,148,286.39,2.0278947368421054,76
72800B,142,285.7,2.45051282051282,38
21386,709,285.64,0.5614545454545454,51
37413,703,284.49,0.4107228915662651,81
71403,76,283.96000000000004,4.502727272727273,33
18094C,192,283.93,1.955952380952381,42
21666,412,283.51,0.8558139534883721,43
16218,3821,283.31,0.26984375,64
20794,99,282.78999999999996,3.573928571428571,27
20777,169,282.48999999999995,1.7029999999999998,80
84341B,645,282.38,0.6804878048780487,40
84872a,26,282.15,10.855714285714285,21
23481,228,281.17,1.28125,29
22257,373,280.42,1.0997727272727273,42
71101E,346,278.5,0.8322727272727272,22
85188A,319,278.16999999999996,0.9799999999999999,42
21725,301,277.24,1.1344,50
16169M,660,277.2,0.42,25
21293,116,276.72,2.6748000000000003,24
84926D,709,276.53,0.8079999999999999,34
85049g,113,276.42,2.4284313725490194,51
23137,83,275.62,3.9765217391304346,23
21250,95,274.37,3.3560000000000003,20
85186A,567,273.64,0.631625,79
22052,650,273.0,0.42,27
84859A,129,272.99,2.485,35
23141,79,272.91,4.2404,25
20734,158,271.21999999999997,1.7962962962962963,26
20755,306,271.16999999999996,0.9903225806451613,62
85214,164,271.03999999999996,1.6734482758620688,58
23474,312,270.96,1.0405263157894737,37
85019C,182,270.72,2.997272727272727,11
20684,80,270.56,3.5517142857142856,35
21815,158,270.22999999999996,2.007,29
21275,13,270.08,21.094166666666666,12
35001W,92,270.02000000000004,3.0840000000000005,5
22512,122,269.71,3.3035135135135136,37
85186C,528,269.17,0.6543037974683544,78
21785,411,268.76,0.9719999999999999,5
21644,215,268.75,1.25,32
21332,19,268.1,16.092307692307692,13
17013D,535,267.82,1.2453846153846153,13
21445,214,267.5,1.25,21
85230E,1101,267.45,0.26666666666666666,24
21265,131,267.21,2.568947368421053,19
20771,102,267.13,2.7685,40
84795b,16,266.78,16.654999999999998,14
21279,85,266.15,3.9972413793103443,29
20699,97,266.03,3.0048780487804874,41
85039C,305,265.77,1.5844776119402983,67
90160A,38,264.94,6.982,15
23476,205,264.72,1.4700000000000002,22
90160D,38,264.7,6.97,12
84952A,92,264.46999999999997,3.1765384615384615,26
85124B,93,264.06,3.178205128205128,39
22889,169,263.8,3.626969696969697,33
18098c,52,263.12,5.06,12
85124C,94,261.89,2.9928205128205128,39
84858C,186,261.68,5.33,6
79337,644,259.96,0.634,10
72800C,130,259.71999999999997,2.642857142857143,35
21324,81,259.67,3.4785714285714286,28
20997,59,257.61,4.274705882352941,34
35915B,220,257.21999999999997,1.0595999999999999,50
85230G,1032,257.03999999999996,0.2708,25
21458,182,256.54,1.8213888888888887,36
78124,198,256.5,1.3333333333333333,18
21427,96,256.44,3.225853658536585,41
16012,1220,256.2,0.21,35
84952C,144,255.0,4.041538461538462,12
21269,29,254.98000000000002,8.946315789473683,19
21547,79,253.53000000000003,3.7117391304347827,22
48173c,15,252.95000000000002,16.830000000000002,7
90201B,86,252.9,2.9347826086956523,23
35967,485,252.33,0.7286567164179104,67
23149,99,251.45000000000002,2.7252380952380952,21
21882,704,251.17000000000002,0.6367605633802818,70
22164,78,250.22000000000003,3.5340000000000003,15
85071D,403,249.48999999999998,0.8260465116279069,84
23465,29,247.63,8.77375,16
22410,237,247.42000000000002,1.4191379310344827,58
84678,142,247.04,2.813846153846154,13
20659,158,246.84,1.63984375,62
21379,178,246.82999999999998,1.8538,50
47422,617,246.18,0.41625,45
22869,96,246.14,3.1904545454545454,44
90175A,27,245.63,9.1012,25
22391,158,245.57999999999998,2.8731034482758617,29
21676,257,245.35999999999999,1.159344262295082,61
21190,168,245.20000000000002,1.5928571428571427,7
20819,64,244.72,4.016666666666667,27
90143,32,244.68,7.686315789473684,19
84422,566,244.17,0.9513333333333333,15
20616,194,243.53,1.8074647887323942,71
85095,150,243.49,1.8197916666666665,48
23475,286,242.17999999999998,0.959032258064516,31
85094,640,242.13,0.6907777777777777,90
22954,197,241.38,1.3907500000000002,40
84592,76,241.24000000000004,3.5954545454545457,22
22870,93,240.29,3.2600000000000002,39
23143,30,239.97,9.929375,16
21028,187,239.24,1.5422413793103449,58
47469,469,238.60999999999999,0.635625,12
22137,82,237.98000000000002,3.1242857142857146,14
72131,136,236.39999999999998,1.8999999999999997,18
21360,39,236.17,9.0825,16
85023B,105,235.35000000000002,2.515384615384615,13
23580,116,234.92,2.2116,25
47351B,86,234.5,2.905555555555556,9
16216,3333,234.0,0.15244444444444444,45
20775,134,233.54,1.7179687499999998,63
21025,174,233.52,1.5507142857142857,56
90058B,612,232.56,0.38,15
23036,184,232.42000000000002,1.325625,16
84857C,98,232.32999999999998,4.763,10
85099f,46,232.05999999999997,5.05,10
23447,158,231.89999999999998,1.5999999999999999,4
84712B,30,231.56,7.6825,20
20696,54,230.81,4.7219999999999995,30
22394,168,230.67999999999998,2.640869565217391,23
21973,159,230.54999999999998,1.45,30
23446,157,230.24999999999997,1.5833333333333333,3
21161,143,229.92,1.7833333333333334,43
85040B,137,229.46999999999997,1.6975,35
85200,183,228.75,1.25,26
90010E,25,227.89,9.098125,16
72800D,87,226.67,2.7054838709677416,31
23003,542,226.2,0.41888888888888887,53
90201D,77,225.84,2.9203225806451614,31
22031,504,225.59,0.518875,80
21157,78,225.5,3.3058823529411767,34
85014a,18,225.32000000000002,12.515714285714285,14
90206C,45,224.73000000000002,4.990967741935484,31
21647,107,224.70000000000002,2.1,25
90158,45,224.12,4.9874285714285715,35
21657,30,223.46,7.830000000000001,17
84218,123,223.10999999999999,1.9158536585365853,41
21364,30,222.96,7.3183333333333325,24
21456,171,222.22,1.492,25
84711A,25,221.79999999999998,8.609411764705882,17
22395,152,220.04,3.3184848484848484,33
20868,458,219.35000000000002,0.7071739130434783,46
75178,459,218.87,1.3415384615384613,13
35914,195,218.81,1.111,40
21378,142,217.89,2.119705882352941,34
90014A,27,217.59,9.185238095238095,21
20847,52,217.57999999999998,4.592222222222222,18
20769,80,217.55999999999997,2.7467647058823528,34
84876D,128,217.5,3.59375,16
21132,44,217.35999999999999,5.079090909090909,22
84559B,237,217.29,1.0139285714285715,55
21377,121,215.67999999999998,2.4429268292682926,41
84051,281,215.21,0.8719230769230768,25
90120C,51,215.20000000000002,4.202272727272727,22
21316,159,214.73000000000002,3.048666666666667,15
21520,504,214.19,0.5127586206896552,58
22882,108,213.7,3.0280952380952377,42
20781,35,212.26,6.073200000000001,25
90200C,50,211.43,4.22,26
84510C,132,211.32999999999998,1.7924074074074072,54
72127,169,210.61,1.284516129032258,30
84877B,144,210.56,2.32,21
84707B,34,210.54999999999998,8.18611111111111,18
84926A,604,210.51999999999998,0.6694285714285714,35
90175D,23,210.04,9.1395,20
90160B,30,209.73000000000002,7.0025,12
90192,42,209.10000000000002,4.9956,25
21750,90,207.51000000000002,2.6954166666666666,24
16048,1460,205.29999999999998,0.3280882352941176,67
90119,83,205.06,2.4691666666666667,36
20763,73,205.04,3.9829629629629633,27
21726,237,204.69,0.927142857142857,42
22878,75,204.19,3.453333333333333,33
84875B,131,203.51,2.5524999999999998,20
85230A,840,203.27999999999997,0.2633333333333333,18
21911,114,203.20999999999998,2.1710344827586208,29
84688,41,203.07,6.171333333333333,15
90201A,69,202.51000000000002,2.9217857142857144,28
22541,503,201.95,0.5651428571428571,35
85179C,106,201.31,2.8925,36
84968e,8,200.21,25.048333333333332,6
44235,538,200.04,0.41600000000000004,13
47594A,108,199.84,1.9125999999999999,50
16156L,475,199.5,0.42,18
22038,475,199.5,0.42,19
21367,171,199.48999999999998,2.19953488372093,43
21651,127,198.57,1.7690909090909093,11
22881,102,197.56,3.2152941176470584,34
47578A,213,197.43,1.1552173913043478,45
90019A,38,197.09,5.245555555555556,27
22880,97,196.69,3.299375,32
22044,816,196.44,0.2602777777777778,36
71143,178,196.35999999999999,1.641081081081081,37
22263,326,195.97,1.0479245283018868,51
90013A,52,195.32,3.759375,32
84926F,430,195.22,1.1860714285714287,28
20617,93,194.94,2.251860465116279,43
23697,456,194.58,0.5208333333333334,35
22884,99,194.04999999999998,3.086666666666667,36
20654,152,193.59,1.385,49
22289,148,193.52,1.4934285714285713,34
90018A,46,193.33,4.194054054054054,37
90082A,30,193.2,6.483333333333333,18
21376,33,192.81,6.459411764705883,17
21306,494,192.73999999999998,1.044318181818182,44
84910A,26,192.14,7.464117647058822,17
22883,100,191.48,3.294375,32
85045,42,191.1,4.886363636363637,11
90030B,122,190.73000000000002,3.1552000000000002,25
90184C,21,190.51999999999998,9.101176470588236,17
47471,290,189.88,0.9984615384615384,39
21418,74,189.75,3.488076923076923,25
21196,108,189.67999999999998,2.0014285714285713,13
21807,438,189.0,0.4694117647058823,30
85020,85,188.81,2.5686363636363634,22
84804B,99,188.37000000000003,2.23,6
21027,167,187.79,1.1130232558139534,42
20694,43,187.54,5.078235294117647,16
84711B,20,186.64,8.999230769230769,13
84535A,399,186.56,0.6776190476190477,21
21402,1369,185.51999999999998,0.25717391304347825,92
90201C,63,185.42000000000002,2.9342857142857146,21
78033,38,185.3,5.525,8
21826,125,185.18,1.6913513513513514,35
72801d,75,184.7,2.463409090909091,44
23416,132,184.67999999999998,1.7564,25
90016B,22,184.66,8.39578947368421,19
85055,45,183.71,5.15125,16
84509E,91,183.45,3.5413043478260873,23
84927F,299,182.95000000000002,1.088695652173913,44
84429A,54,182.50000000000003,3.913809523809524,21
22032,427,181.98,0.4485,60
21311,459,181.32999999999998,0.9040384615384615,51
84907,29,180.93,6.113478260869566,23
85215,223,180.71,0.9811111111111112,18
72801C,145,180.65,1.5610526315789475,19
84804A,70,180.58,2.68,8
84859C,84,180.51999999999998,2.429090909090909,22
22157,212,180.2,0.85,11
21721,195,179.45999999999998,1.102857142857143,33
79190A,384,179.35999999999999,0.6090476190476191,63
40003,155,179.23,1.6380000000000001,15
16258A,472,178.97,0.5913559322033899,59
21847,76,178.89,2.7533333333333334,33
85131C,193,178.85,0.8714,50
22872,72,177.46,3.1853333333333333,30
84685,34,177.33,5.938571428571429,21
21319,161,175.78,1.9857894736842103,19
84507C,66,175.73,2.806206896551724,28
gift_0001_30,7,175.53,25.075714285714287,7
85211,149,175.16,1.794230769230769,24
22764,5,174.76999999999998,33.28666666666667,3
90197B,35,174.73000000000002,4.994074074074074,27
84691,242,174.5,0.7525,4
84800M,127,174.31,1.5372727272727273,11
35810B,152,174.09,1.6965384615384616,26
84905,35,173.48,4.9590000000000005,20
16168M,371,173.12,0.6314634146341463,41
22885,96,172.78,3.097142857142857,28
82011C,51,172.05,3.6700000000000004,20
84963A,4,171.8,42.95,1
47481,225,171.79,1.0608695652173912,23
62086A,88,171.6,1.95,14
85146,45,171.11,4.418,9
21763,6,169.75,27.4625,4
85129B,119,168.59,1.9122580645161291,31
22042,399,168.33,0.4330769230769231,39
21333,56,168.16000000000003,3.1350000000000002,16
90145,28,168.0,6.027777777777778,18
84661A,104,167.79,2.7855,20
gift_0001_50,4,167.56,41.89,4
90010A,18,167.3,9.322,15
gift_0001_20,10,167.05,16.708888888888893,9
21457,124,165.89,1.6856,25
21280,65,165.75,2.55,12
21331,12,165.74,14.3425,8
72225C,624,165.6,0.28058823529411764,17
23694,376,165.07999999999998,0.5885365853658536,41
BANK CHARGES,12,165.001,13.750083333333334,11
22538,402,164.42000000000002,0.55875,40
21698,296,164.17,1.0622222222222222,45
90120B,39,164.12,4.201333333333333,15
90191,26,163.82,9.729000000000001,10
90209A,84,163.8,2.0125,4
85145,37,163.75,5.303846153846154,13
22871,67,163.35,3.258,25
16207A,60,163.1,2.751764705882353,34
22408,145,162.44,1.496551724137931,29
21100,65,162.20999999999998,3.4099999999999997,27
84683,194,162.20000000000002,1.5075,12
85114a,49,161.70000000000002,3.2993333333333337,15
21369,101,161.49,2.515,16
85027L,70,160.5,2.95,18
84799,224,160.48,1.001,10
21344,15,160.09,11.756666666666666,6
23305,82,159.9,1.9500000000000002,9
21030,131,159.7,1.1894117647058824,33
84993A,343,159.69,0.5847272727272727,55
90082B,25,158.75,6.35,10
90014B,17,158.73999999999998,9.256,15
84247G,357,158.63,0.5371874999999999,32
90013C,39,158.08,4.115357142857143,28
17038,1525,158.06,0.42,34
23417,146,157.5,1.5964285714285713,27
90134,54,157.5,2.912,45
84882,38,157.34,4.368333333333333,18
35649,57,156.85,2.699444444444444,35
23468,19,156.75,8.25,11
84673B,179,156.63,0.9283333333333333,66
21349,18,155.6,8.610000000000001,11
84508C,56,154.95,3.0359999999999996,25
44234,693,154.77,0.4285294117647059,33
84595E,78,154.67999999999998,2.7563636363636363,22
23496,112,154.52,1.562258064516129,31
21614,51,153.29000000000002,3.2655555555555558,9
84827,509,153.09,0.465,14
22353,60,153.0,2.55,24
21145,122,152.5,1.25,8
90198B,36,152.4,4.214705882352941,17
72128,193,152.04999999999998,0.9033333333333332,36
21401,1052,151.19,0.24349397590361446,82
22415,19,151.05,7.950000000000001,13
85135A,19,151.05,7.95,8
84877D,96,150.93,2.325,18
22874,65,150.81,2.944545454545455,21
DCGSSBOY,47,150.54999999999998,3.1045454545454545,11
21459,76,150.38,2.064736842105263,19
84629,20,150.0,10.05,10
84963B,3,149.85000000000002,49.95,1
90013B,36,149.41000000000003,4.1574193548387095,31
46000R,103,149.35,1.45,38
22875,63,149.09,2.9124,25
90185D,35,148.63,4.239090909090909,11
84576,66,148.32,2.975882352941176,17
21486,36,147.88,4.042727272727273,11
82011B,43,146.85,3.673809523809524,21
22886,87,146.43,2.8827999999999996,25
84865,27,146.21,7.307857142857143,14
84870B,44,146.07999999999998,3.4415999999999998,25
84870C,46,146.05,3.1614285714285715,28
90116,64,145.52,2.4153333333333333,45
22873,60,145.5,3.0461538461538464,26
47343A,159,145.17,0.9714285714285714,14
22868,63,144.65,3.04,20
21738,46,144.58,3.3360869565217395,21
85118,146,144.52,1.541,10
DCGSSGIRL,47,144.43,3.1330769230769233,13
21082,88,143.44,1.63,25
21368,163,143.28,1.2448484848484849,33
84508B,56,142.79999999999998,2.55,30
20837,141,142.47,0.9713333333333334,15
37479P,163,142.23,2.233636363636364,32
22033,337,141.95,0.43863636363636366,22
21117,109,141.75,1.6428571428571428,14
20774,86,141.23999999999998,1.6406666666666667,44
20661,44,141.15,3.397878787878788,33
84796a,17,141.10999999999999,8.305,12
20836,170,141.1,0.83,17
90164B,38,140.98,5.290666666666667,15
16054,1166,140.52,0.1290909090909091,33
90170,85,140.32999999999998,1.652162162162162,37
84744,110,140.02,1.376,20
22125,13,139.86,10.453333333333333,3
23463,13,139.39999999999998,11.206249999999999,8
22876,61,138.81,2.943,20
75011,172,138.76,0.7999999999999999,12
84192,111,138.75,1.25,25
35922,28,138.6,4.95,10
23304,71,138.45,1.9500000000000002,9
79191B,159,138.29999999999998,0.9289999999999999,30
22877,63,138.10999999999999,2.638421052631579,19
90181B,15,137.63,9.177142857142858,14
21736,80,137.22000000000003,1.8150000000000002,5
20757,158,136.64,0.9188235294117647,33
21637,109,136.25,1.25,6
20758,159,135.15,0.85,42
84660c,18,134.92,7.5,16
90073,27,134.70000000000002,5.008333333333334,18
90115,54,134.53,2.485483870967742,31
21943,119,134.48999999999998,1.2856,50
90028,16,134.16,8.381428571428572,14
46000U,107,133.75,1.25,26
72130,219,133.34,0.7432142857142857,27
35921,68,133.23,3.0243478260869567,23
90208,53,132.7,2.4975675675675673,37
62096A,106,132.5,1.25,8
21518,318,132.44,0.47526315789473683,38
90210D,107,132.05,1.6,8
85039a,40,131.81,3.297241379310345,29
90185A,31,131.03,4.202307692307692,13
90164A,27,130.67,6.333571428571429,14
90210C,99,130.51000000000002,2.206,10
84510a,53,130.48,2.4625,40
37467,159,130.26999999999998,1.4352941176470588,17
90000D,21,129.85,6.1899999999999995,14
21281,43,129.63,3.9771428571428564,14
20823,164,129.56,0.79,8
47590b,12,129.48,10.79,9
72799C,81,129.47,2.4173684210526316,19
21400,881,128.63,0.25069444444444444,72
20826,276,128.4,0.8225,8
35638B,57,128.32999999999998,5.386,5
90180A,17,127.24,9.182222222222222,9
85130A,77,127.04999999999998,1.65,10
79190D,265,126.97999999999999,0.6136170212765958,47
22887,78,126.78,2.967391304347826,23
23303,65,126.75,1.95,6
85067,7,126.64999999999999,18.55,5
84846A,56,126.04000000000002,2.5869230769230773,13
23578,60,125.72,2.417142857142857,14
84968a,5,125.32999999999998,25.136666666666667,3
22888,76,124.97999999999999,3.1642857142857146,21
84228,297,124.08999999999999,0.5403703703703704,27
23477,92,123.47,1.7153846153846155,13
37343,72,123.29999999999998,2.210769230769231,13
90058A,324,123.12,0.38,7
84906,35,123.02,4.8475,12
90195A,19,122.84,7.228999999999999,10
90070,20,122.64000000000001,6.180000000000001,14
85086A,146,122.08,0.8331999999999999,50
90129B,57,121.38000000000001,2.035,20
37333,21,120.99,5.608823529411764,17
20845,19,120.64999999999999,6.35,11
21420,53,120.41,3.8560000000000003,19
90173,32,120.34,3.7676470588235293,17
90199C,19,120.28999999999999,6.32,10
23467,32,120.08000000000001,4.366363636363636,11
84800S,107,120.07000000000001,1.2077777777777778,9
35972,96,120.0,1.25,16
90161A,24,119.91000000000001,5.002857142857143,21
90124B,12,119.89,9.994545454545454,11
90003C,32,119.84,3.7441666666666666,24
90122C,24,119.23,4.986363636363636,11
10080,303,119.08999999999999,0.41090909090909095,22
84709B,20,119.0,5.95,11
85114b,36,118.86000000000001,3.2950000000000004,14
84507B,39,118.72999999999999,3.4263636363636363,22
21095,125,118.72999999999999,0.9614285714285714,14
84569B,85,118.4,1.7621052631578946,19
21032,97,117.78,1.3816666666666668,30
90184A,13,117.73,9.103333333333332,9
90183A,40,117.24000000000001,2.9213043478260867,23
84741C,60,117.0,1.95,14
72780,137,116.44999999999999,0.85,20
51020A,325,116.32999999999998,0.5566666666666666,18
72812,34,116.06,3.7609090909090908,11
84809A,55,115.50000000000001,2.1,8
16052,479,115.3,0.5892307692307692,13
23185,317,114.85,0.3516129032258064,30
23151,61,114.33000000000001,2.2395238095238095,21
90130B,39,113.97,2.9183870967741936,31
47518F,827,113.64,0.14142857142857143,28
72801D,75,113.21,1.588888888888889,18
20795,49,113.05000000000001,2.653636363636364,11
84457,126,112.55999999999999,0.9944444444444444,26
90003D,30,112.26,3.73875,16
90096,45,112.21,2.4815384615384612,26
21678,125,111.86,1.0071875,32
21814,74,111.77,1.7293749999999999,15
90214A,130,111.66,0.9039285714285714,56
90036E,14,110.95,7.922727272727273,11
47503H,100,110.86,1.4994999999999998,37
90185C,26,110.09,4.2090000000000005,10
90125D,95,110.03,2.0989473684210522,19
20731,92,109.96,1.0925,16
85167B,50,109.94,4.0275,8
84925F,79,109.92999999999999,1.9214285714285713,14
90124C,11,109.53999999999999,9.96125,8
85096,25,109.23,4.660588235294118,16
20894,33,108.71000000000001,3.707333333333333,15
21372,75,107.75,1.9772727272727273,33
35916C,106,107.72,0.8879999999999999,20
17090A,109,107.44999999999999,1.17,10
85129C,80,107.31,1.7373333333333332,15
23626,43,107.07000000000001,2.49,16
90125A,115,106.24,1.5399999999999998,10
35819B,268,106.05,0.5359259259259259,24
20657,73,105.91,1.720909090909091,33
35818P,263,105.83,0.69,19
20898,38,105.73,2.6350000000000002,13
90016A,17,105.71000000000001,7.815714285714286,7
85040a,32,105.28,3.29,21
23574,14,105.0,7.5,14
22039,250,105.0,0.42,7
21904,50,105.0,2.1,23
84661C,71,104.84,3.015,14
35920,72,104.84,1.992,15
84461,41,104.55,2.55,14
90122A,21,104.53,4.9871428571428575,14
17084P,423,104.44,0.3507692307692308,39
20796,62,103.93999999999998,1.832222222222222,9
79144B,180,103.22999999999999,0.7132075471698113,53
90032,21,103.13,5.855,8
22879,70,102.46,2.8674999999999997,16
90063A,12,102.0,8.5,8
90196A,8,102.0,12.75,5
90148,8,101.73,12.705,6
20701,25,100.97,4.066666666666666,18
35637C,30,100.86,6.212222222222222,9
16033,840,100.79999999999998,0.12,4
35911B,119,100.76,1.142,15
gift_0001_40,3,100.69999999999999,33.56666666666666,3
21370,16,100.66000000000001,5.775555555555556,9
90010B,11,100.08999999999999,9.184285714285712,7
90081C,20,99.60000000000001,4.99,15
23611,40,99.60000000000001,2.49,16
22407,94,99.28,1.2791666666666666,24
23464,18,99.2,6.2125,8
17091A,171,98.91,0.7976000000000001,25
84510c,40,98.7,2.468695652173913,23
84898F,46,98.63000000000001,2.2068421052631577,19
79144C,152,98.11999999999999,0.7815686274509804,51
90101,39,98.07,2.510588235294118,17
84723,41,97.95,3.9499999999999997,6
47369B,35,97.13,3.2627272727272727,22
90185B,23,97.02,4.19,12
84806A,137,96.88999999999999,1.0645454545454545,11
90204,29,96.86,3.337222222222222,18
84801A,46,96.60000000000001,2.1,5
90019B,18,96.52000000000001,5.362222222222223,18
72801c,39,95.94,2.46,25
21722,98,95.52999999999999,1.1297222222222223,36
90174,38,95.41999999999999,2.4961904761904763,21
21777,12,95.4,7.95,6
90146,17,95.35000000000001,7.192857142857143,7
90036D,12,95.35000000000001,7.94,5
90178A,8,95.25,11.90625,8
20653,73,95.17999999999999,1.4815151515151515,33
84527,52,95.1,2.145,8
84666,24,94.80000000000001,3.95,4
90133,19,94.43,4.979230769230769,13
47369A,33,93.19,2.93,20
20773,56,92.39999999999999,1.6499999999999997,23
82613A,71,92.38,1.4516666666666667,18
90018B,22,92.28,4.19,17
35933,226,92.21000000000001,0.6473684210526316,19
85132a,8,92.19999999999999,11.524999999999999,8
82615,36,91.8,2.55,1
90030C,77,91.7,2.3363636363636364,11
90175B,10,91.68,9.17,9
20662,31,90.42,2.879,20
85230F,338,90.33999999999999,0.27666666666666667,12
90163A,12,90.32,7.537777777777778,9
90022,24,90.2,3.7600000000000002,20
72051S,130,89.52999999999999,0.6746153846153846,13
35400,10,89.5,8.95,5
20892,4,89.22,21.243333333333332,3
90123A,15,89.12,5.935555555555556,9
35833P,49,88.47,2.2954545454545454,22
84984A,19,88.35000000000001,4.65,6
84306,10,88.22,8.88111111111111,9
90166,21,88.04,4.176,15
90129F,40,88.03,2.1325,16
84989a,42,87.51,2.086,25
20869,180,86.76,0.716,29
21038,77,86.75,1.1656521739130437,23
23614,26,86.58000000000001,3.33,11
90003E,23,86.11,3.744285714285714,14
84531B,155,85.61,0.7000000000000001,28
79403,95,85.52,1.062,15
75172,93,85.31,1.53,8
20901,19,85.13,4.426,15
20821,17,84.15,4.95,6
16169K,200,84.0,0.42,8
20941,64,83.78,1.376,19
90072,21,83.42,4.083571428571429,14
22016,1,83.33,83.33,1
90123C,14,83.29,5.948333333333333,6
23442,40,83.2,2.08,7
90129A,45,82.97999999999999,1.8370000000000002,20
84881,12,82.57,7.411666666666666,6
21690,22,82.5,3.75,7
35968,163,82.1,0.43631578947368416,19
35638A,38,82.1,3.55,5
16049,504,82.08,0.24,5
90108,70,81.96000000000001,1.755,12
20664,32,81.66,2.5416666666666665,18
71496A,127,80.96000000000001,1.0875000000000001,12
90175C,9,80.55,8.95,6
21226,93,80.55,0.914,20
84249A,174,80.46,0.6629629629629629,27
84927E,59,80.16000000000001,1.907142857142857,13
90129C,35,79.76,2.130625,16
90124A,8,79.66,9.959999999999999,6
90162B,27,79.65,2.95,10
84984B,17,79.05000000000001,4.65,5
21278,31,79.05,2.55,7
72811,53,78.92999999999999,1.8175,8
90039D,21,78.69,3.743333333333333,9
37479B,131,78.09,1.572857142857143,21
90000A,13,77.91,6.0200000000000005,8
90086,102,77.78999999999999,1.5003571428571427,28
90129E,42,77.03999999999999,1.7328571428571427,14
20980,79,76.91,1.061,20
84531A,147,76.69,0.6940000000000001,29
35916B,91,76.68,0.7628125,32
46000P,18,76.5,4.25,6
84840,6,76.44,12.74,6
90099,27,76.38,2.8637499999999996,16
90063B,9,76.32,8.47,6
90177C,26,76.23,2.9235714285714285,14
16207B,29,76.14,2.6994444444444445,18
20798,36,75.60000000000001,2.1,5
21946,86,75.35,1.0136,25
21413,48,75.02,1.7658823529411765,17
84847,20,75.0,3.75,11
gift_0001_10,9,74.97,8.33,8
84968d,3,74.88,24.959999999999997,3
84251G,270,74.7,0.4033962264150943,53
90118,30,74.64,2.472631578947368,19
85132b,9,74.60999999999999,8.29,9
85198,90,74.58,1.0866666666666667,9
21087,141,74.57000000000001,0.6025,16
90059A,45,74.53,1.6588888888888889,27
90081A,15,74.25,4.95,8
90098,29,73.95,2.55,10
90177D,25,73.53,2.934285714285714,14
90214C,91,72.77,0.8336363636363636,33
90103,29,72.66,2.5,16
84231,108,72.63,0.7271428571428571,20
20960,29,72.49,2.4899999999999998,10
90030A,72,72.0,1.0,7
90036C,9,71.4,7.92,5
85197,34,71.4,2.1,19
17014A,155,71.19,0.9512499999999999,8
20933,23,71.05,3.127777777777778,9
90214S,94,71.0,0.8251219512195122,41
90211A,12,70.97,5.91375,8
47589,13,70.85000000000001,5.45,3
84251B,245,70.78,0.43150943396226416,53
51020B,197,70.57,0.6739999999999999,15
84927A,50,70.45,2.0805555555555557,18
85026B,79,70.27,0.9918181818181818,11
90051,10,70.16,7.0442857142857145,7
16161G,700,70.0,0.1,22
16020C,84,69.89999999999999,0.8335294117647059,17
90125C,77,69.85,1.4785714285714284,7
46126A,52,69.84,1.5525,8
90199A,11,69.63,6.3133333333333335,6
84549,38,69.38,2.5585714285714287,7
81952V,365,69.35,0.19,24
90019C,13,68.73,5.307272727272728,11
85188B,78,68.69999999999999,1.009,10
90151,8,68.0,8.5,4
90194,16,67.87,4.237,10
90000B,11,67.83,6.170000000000001,7
90155,9,67.62,7.517142857142857,7
84874B,41,67.50999999999999,1.64,14
85049B,54,67.5,1.25,13
82011A,18,67.5,3.75,12
35916A,87,67.39,0.7927586206896551,29
90144,18,67.36,3.7399999999999998,14
90024B,8,67.28,8.38,6
90040B,18,66.7,3.7318181818181815,11
35819P,95,66.55,0.5042857142857143,7
84686,49,66.39,2.9525,8
17011F,81,66.36000000000001,1.5728571428571427,7
37444A,53,66.35000000000001,2.036666666666667,18
72807a,8,66.32,8.29,5
20663,25,66.26,2.693,20
85008,13,66.12,5.171250000000001,8
20835,67,65.8,2.10375,8
90214L,94,65.03999999999999,0.8386486486486486,37
84247K,22,64.9,2.95,9
84247N,22,64.9,2.95,18
84859B,31,64.81,2.346363636363636,11
90186B,22,64.58,2.9320000000000004,15
90202D,22,64.46000000000001,2.9145454545454546,11
90202A,22,64.28,2.9153333333333333,15
21031,52,64.24,1.2942105263157895,19
90036F,8,64.08,8.046000000000001,5
90181A,7,64.04,9.14857142857143,7
21692,17,63.75,3.75,7
84875D,51,63.75,1.25,8
84673A,92,63.720000000000006,0.7040909090909091,43
72133,45,63.51,1.4635294117647057,16
90196B,5,63.480000000000004,12.696000000000002,5
35815P,162,63.28000000000001,0.724,5
62094B,19,63.209999999999994,4.08125,8
90141A,12,63.11,5.321,10
S,2,63.05,31.525,2
22145,30,63.0,2.1,1
84452,74,62.9,0.85,16
17012E,44,62.64,2.3169999999999997,10
40046A,50,62.5,1.25,6
84760S,43,62.349999999999994,1.45,8
72351a,15,62.269999999999996,4.1499999999999995,12
85160B,106,62.239999999999995,1.366470588235294,16
84247L,128,62.06,0.6605263157894736,19
20848,21,61.95,2.95,8
90210B,41,61.56,2.1514285714285717,7
90087,107,61.459999999999994,1.4872,25
16151A,49,61.25,1.25,3
90183B,21,61.08,2.9105882352941173,17
71495B,163,61.05,0.55125,8
21655,36,60.84,1.69,2
90214K,78,60.699999999999996,0.8915789473684211,38
84984D,13,60.45,4.65,4
84805A,32,60.0,2.5,4
90031,50,59.89,2.412857142857143,7
90206A,12,59.800000000000004,4.9944444444444445,9
23629,24,59.760000000000005,2.49,10
84985A,41,59.449999999999996,1.45,18
21910,36,59.39999999999999,1.65,8
79071B,20,59.0,2.95,11
90202C,20,58.71,2.932857142857143,14
20760,69,58.65,0.85,21
84798A,23,58.64999999999999,2.55,4
72134,105,58.62,0.9872727272727272,11
90190C,20,58.43,2.92,19
84877A,40,58.16,2.27,4
90082D,9,58.03,6.438,5
72802a,7,58.029999999999994,8.29,2
71406C,138,57.96,0.42000000000000004,21
90210A,34,57.55,2.415,10
84597C,46,57.5,1.25,13
84466,46,57.5,1.25,10
72801G,45,57.46,1.343076923076923,13
85006,55,57.25,1.55,9
90214J,71,57.21,0.8602439024390243,41
21460,28,56.779999999999994,2.148181818181818,11
90199B,9,56.59,6.28,8
44236,52,56.52,1.3414285714285714,6
90003B,15,56.31,3.7600000000000002,10
47341B,45,56.25,1.25,11
90038A,15,56.15,3.7399999999999998,10
90050,8,55.72,6.98,4
84679,6,55.7,11.95,2
16046,65,55.25,0.85,14
90023,13,55.02,4.224444444444445,9
84750B,61,54.99,1.17,12
90071,44,54.62,1.2387878787878788,33
72132,28,54.599999999999994,1.95,12
21336,27,54.57,2.026,10
90040C,15,54.42,3.6689999999999996,10
20759,64,54.4,0.85,20
90040A,14,54.290000000000006,3.908,5
79323B,8,54.0,6.75,1
20793,8,54.0,6.75,4
84251C,127,53.88,0.5189999999999999,40
90012A,11,53.760000000000005,7.212000000000001,5
90035A,5,53.62,10.706666666666665,3
20851,9,53.550000000000004,5.95,7
47586A,21,53.55,2.55,8
20756,63,53.55,0.85,22
90123B,9,53.42,5.924,5
90211B,9,53.260000000000005,5.903333333333333,6
90214E,72,53.199999999999996,0.8506666666666667,30
20857,32,52.8,1.65,8
90163B,7,52.72,7.516,5
90168,18,52.56,2.9091666666666662,12
90176D,7,52.5,7.5,4
84842,14,52.5,3.75,9
84805B,38,52.5,2.0833333333333335,3
90138,10,52.42,5.367142857142857,7
90141C,10,52.31,5.3012500000000005,8
35265,17,52.2,2.2875,12
84927D,47,51.86,1.5635714285714286,14
85028S,24,51.599999999999994,2.025,8
90205A,31,51.51,1.6624999999999999,16
84597B,41,51.25,1.25,5
20910,8,50.8,6.349999999999999,3
84534B,53,50.72,1.255,10
17007B,24,50.400000000000006,2.1,2
90018C,12,50.400000000000006,4.183333333333334,9
47348A,97,50.31,0.702,15
44242B,52,50.28,0.9433333333333334,3
90214D,68,49.9,0.865625,32
90214M,60,49.82,0.8742857142857143,28
90180B,5,49.81,9.962,5
23603,20,49.800000000000004,2.4899999999999998,14
90079,10,49.760000000000005,4.9925,4
20667,20,49.69,2.490625,16
90202B,17,49.65,2.91,10
90142D,10,49.64,4.985,4
90157,10,49.59,4.968000000000001,5
21089,233,48.99,0.2844,25
90038B,13,48.77,3.7525,8
84497,13,48.75,3.75,7
90002D,13,48.71,3.7455555555555557,9
20697,19,48.449999999999996,2.55,11
21720,57,48.449999999999996,0.85,8
DCGS0076,3,48.39,16.13,2
84559a,29,48.379999999999995,1.6695454545454544,22
84510E,34,48.29,1.655625,16
90205C,29,48.209999999999994,1.6553333333333333,15
84402B,61,48.19,0.79,3
90125B,30,48.06,2.0741666666666667,12
21816,33,47.849999999999994,1.45,7
90169,19,47.839999999999996,2.502727272727273,11
90036A,6,47.7,7.95,4
90165B,19,47.43,2.493888888888889,18
17084J,225,47.25,0.21,8
90065A,7,47.25,6.75,4
84715,16,47.2,2.9500000000000006,3
84706F,16,47.2,2.95,10
84086B,16,47.2,2.95,7
84857B,24,46.8,1.95,1
84750A,24,46.8,1.95,1
90190A,16,46.76,2.911,10
21392,34,46.39,1.7125000000000001,7
84801B,22,46.2,2.1,3
85031A,16,45.9,3.892857142857143,7
90012B,13,45.35000000000001,5.283333333333333,3
90064B,12,45.0,3.75,7
23625,9,44.910000000000004,4.99,4
90141B,9,44.86,5.0120000000000005,5
85185D,15,44.25000000000001,2.95,8
20670,14,44.04,3.2436363636363637,11
47344B,44,43.66,0.9700000000000001,6
79063C,235,43.65,0.18928571428571428,14
90056,4,43.510000000000005,10.877500000000001,4
20698,17,43.349999999999994,2.55,8
90014C,5,43.199999999999996,8.3125,4
46138B,43,43.15,1.0333333333333334,12
23038,44,42.919999999999995,1.3299999999999998,8
84539,26,42.9,1.65,2
22987,102,42.84,0.42000000000000004,5
20818,15,42.7,5.54,5
16254,40,42.58,1.3088235294117647,17
84922,9,42.29,4.923333333333333,6
37444C,21,42.27,2.47,9
90029,5,42.14,8.41,4
90024F,5,42.13,8.4075,4
47570b,2,42.019999999999996,21.009999999999998,2
17084A,200,42.0,0.21,7
90120D,10,41.790000000000006,4.208,5
20666,30,41.53,1.7123529411764706,17
15030,143,41.47,0.29,12
72807c,5,41.449999999999996,8.29,5
90059D,25,41.449999999999996,1.6605263157894736,19
90059E,25,41.37,1.6553333333333333,15
90039B,11,41.31,3.76,6
90162C,14,41.300000000000004,2.95,7
84921,11,41.25,3.75,5
23448,25,41.24999999999999,1.6499999999999997,3
75013B,25,41.24999999999999,1.65,6
90067A,14,41.150000000000006,2.9285714285714284,7
90177E,14,41.080000000000005,2.9255555555555555,9
90177B,14,41.010000000000005,2.922857142857143,7
90182C,14,40.96,2.9122222222222223,9
90130C,14,40.95,2.9223076923076925,13
90177A,14,40.900000000000006,2.9055555555555554,9
71495A,103,40.379999999999995,0.71375,8
10120,192,40.32,0.21,29
90214G,60,40.199999999999996,0.8353333333333333,30
85092,27,40.05,2.3,2
90187B,12,40.03,3.3325,8
90165A,16,39.98,2.5,15
72369A,30,39.92,1.6533333333333333,5
90135,8,39.660000000000004,4.965,2
84725,41,39.65,1.2444444444444445,18
84596f,16,39.36,2.46,12
84575A,14,39.3,3.95,4
21307,79,39.199999999999996,1.2646153846153847,13
35910A,20,39.0,1.95,4
47341A,27,38.75,1.75,5
90064A,10,38.7,3.9500000000000006,6
21393,29,38.67,1.45875,7
85089,13,38.35,2.95,5
84559b,23,38.33,1.666,20
84746,14,38.31,2.6033333333333335,9
84925D,15,38.25,2.55,10
84617,3,38.25,12.75,3
90190B,13,38.18,2.924285714285714,7
81952B,200,38.0,0.19,9
84033,23,37.95,1.65,7
84809B,18,37.800000000000004,2.1,1
90075,4,37.66,9.363333333333333,3
90199D,6,37.620000000000005,6.2700000000000005,6
90212B,10,37.62,3.765,8
79191D,35,37.61,1.2925,16
72709,44,37.4,0.85,7
35809a,9,37.33,4.147777777777778,9
84509b,5,37.3,7.46,4
47420,196,37.24,0.19,13
90074,4,37.239999999999995,9.43,3
84751B,17,37.11,1.9,8
84522,20,36.76,1.8166666666666667,12
90214H,48,36.76,0.8546666666666667,30
90085,34,36.76,1.48,10
71510,52,36.519999999999996,0.8099999999999999,8
84548,22,36.3,1.65,4
17090D,29,36.25,1.25,12
84226,51,36.21,0.829,10
85216,55,35.75,0.65,8
90094,14,35.699999999999996,2.55,13
35913B,36,35.48,1.0939999999999999,10
90179C,6,35.44,5.906666666666666,6
90123D,6,35.31,5.872,5
90179A,6,35.31,5.872,5
90011B,12,35.27,2.9314285714285715,7
90060F,6,35.160000000000004,5.86,6
79063D,189,35.14,0.21,11
90131,5,34.870000000000005,7.01,2
90049,5,34.77,8.290000000000001,3
90059F,21,34.69,1.6528571428571428,14
20827,88,34.32,0.39,2
79406,144,34.12,0.3725,8
84873A,2,33.9,16.95,2
90026C,4,33.82,8.44,3
90024C,4,33.81,8.436666666666667,3
90038C,9,33.69,3.735,4
81950B,116,33.64,0.29,8
72783,16,33.6,2.1,2
90129D,14,33.440000000000005,2.0157142857142856,7
37423,78,33.18,0.5433333333333333,3
72807b,4,33.16,8.29,4
35610C,25,32.51,1.88,2
17109D,61,32.349999999999994,0.9039999999999999,5
90186A,11,32.16,2.9233333333333333,9
37468,64,32.03,0.9338461538461539,13
84824,2,31.9,15.95,2
90036B,4,31.8,7.95,2
23632,15,31.200000000000003,2.08,10
85018D,12,30.599999999999998,2.55,7
44228,36,30.599999999999998,0.85,2
37471,29,30.43,2.776666666666667,3
90176B,4,30.12,7.54,3
20878,24,30.0,1.25,7
35610B,24,30.0,1.25,1
90195B,4,29.98,7.495,4
90176E,4,29.98,7.493333333333333,3
90039A,8,29.96,3.736666666666667,3
21310,1,29.95,29.95,1
90122B,6,29.93,4.988333333333333,6
21667,2,29.9,14.95,1
90136,3,29.849999999999998,9.95,2
84660a,4,29.84,7.46,2
90159,6,29.790000000000003,4.968000000000001,5
90120A,7,29.73,4.243333333333333,3
90001D,7,29.73,4.246,5
21757,6,29.700000000000003,4.95,3
21040,22,29.7,1.67,8
35816P,78,29.64,0.38,2
90214I,38,29.619999999999997,0.7838461538461539,13
84706D,8,29.599999999999998,3.6999999999999997,4
17136A,352,29.59,0.10294117647058823,17
90162D,10,29.500000000000004,2.95,5
84465,10,29.5,2.95,7
82605,14,29.400000000000002,2.1,3
84558a,5,29.310000000000002,5.862,5
85030,15,29.25,1.95,6
90214N,41,29.23,0.8416666666666667,24
21011,20,28.999999999999996,1.45,3
84199,138,28.98,0.21,31
46776f,7,28.91,4.13,1
90152A,5,28.76,5.752000000000001,5
84803B,17,28.73,1.69,4
90093,52,28.569999999999997,1.1889999999999998,10
90027D,9,28.4,3.2583333333333333,6
17165D,27,28.35,1.05,7
84798B,11,28.049999999999997,2.55,3
90005A,14,28.02,2.022,10
90214R,41,28.009999999999998,0.8251999999999999,25
84613A,6,27.900000000000002,4.65,3
79066k,17,27.77,1.636,10
23613,11,27.39,2.49,6
23637,11,27.39,2.49,9
85126,2,27.14,13.57,1
79323P,4,27.0,6.75,1
23702,4,27.0,8.5,3
84993a,32,26.56,0.83,19
35598A,9,26.550000000000004,2.95,2
84675,9,26.55,2.95,2
90059B,16,26.52,1.6619999999999997,10
21836,5,26.490000000000002,5.04,3
72140E,31,26.349999999999998,0.85,8
90212C,7,26.25,3.75,3
23636,9,26.19,2.91,7
85017C,49,26.17,0.6154545454545454,10
90183C,9,26.15,2.9055555555555554,9
84968B,2,25.5,12.75,2
90026D,3,25.5,8.5,3
84968f,1,25.49,25.49,1
35910B,13,25.349999999999998,1.95,3
90026B,3,25.32,8.44,3
90037B,10,25.279999999999998,2.506,5
90013D,6,25.17,4.180000000000001,3
84596e,10,25.099999999999998,2.51,6
90033,10,25.07,2.502222222222222,9
90016C,3,24.96,8.32,3
23620,10,24.900000000000002,2.4899999999999998,7
85115B,3,24.869999999999997,8.29,1
85034a,3,24.869999999999997,8.29,3
85132c,3,24.869999999999997,8.29,3
15060b,3,24.869999999999997,8.29,3
90043,4,24.810000000000002,7.455,2
90059C,15,24.79,1.654,10
90214B,37,24.77,0.8281818181818181,22
20778,15,24.75,1.65,8
90141E,5,24.75,4.95,2
20820,5,24.75,4.95,2
84854,5,24.75,4.95,1
84993B,58,24.36,0.42,18
90076,9,24.119999999999997,2.8425,4
21461,10,23.86,2.6766666666666663,6
84562A,3,23.85,7.95,3
47503J,3,23.85,7.95,2
21357,19,23.75,1.25,10
35909B,8,23.6,2.95,2
35909A,8,23.6,2.9500000000000006,3
90083,25,23.47,1.4699999999999998,9
90176C,3,23.32,7.91,2
23623,8,23.28,2.91,6
90182A,8,23.2,2.9,8
90104,28,23.16,0.8291666666666666,12
85195,11,23.1,2.1,3
85206B,14,23.099999999999998,1.65,4
22351,13,23.089999999999996,2.4699999999999998,2
90214Y,66,22.839999999999996,0.7525,8
90188,9,22.58,2.5171428571428573,7
90054,9,22.58,2.5088888888888885,9
90176A,3,22.48,7.49,2
90039C,6,22.48,3.7466666666666666,6
23645,9,22.410000000000004,2.49,4
23640,9,22.410000000000004,2.49,8
21018,24,22.06,1.087142857142857,6
90035C,2,21.5,10.75,1
84387A,11,21.45,1.95,1
84551,13,21.449999999999996,1.65,2
20695,5,21.25,4.25,4
90001B,5,21.15,4.216666666666667,3
90001C,5,21.130000000000003,4.226000000000001,5
90125E,11,21.05,1.9419999999999997,10
23692,50,21.0,0.42,2
16169P,50,21.0,0.42,2
90001A,5,20.950000000000003,4.175000000000001,4
17001,72,20.88,0.29,1
47518f,5,20.73,4.146,5
46776a,5,20.65,4.13,1
90141D,4,20.36,5.23,2
90214P,39,20.229999999999997,0.8125,16
90034,2,20.17,10.085,2
84415B,8,20.0,2.9166666666666665,3
23646,8,19.92,2.49,5
23601,8,19.92,2.49,4
23616,8,19.92,2.4899999999999998,7
21681,2,19.9,9.95,2
35817P,18,19.86,1.4649999999999999,2
37491A,6,19.81,3.3075,4
90156,4,19.8,4.95,3
85024C,12,19.799999999999997,1.65,9
37487B,68,19.72,0.29,2
85028L,10,19.5,1.95,4
79062D,52,19.4,0.38,4
85047,3,19.049999999999997,6.35,2
21416,5,18.75,3.75,4
21538,5,18.75,3.75,2
84856S,4,18.6,4.65,1
90041,5,18.27,3.6925,4
35607B,96,18.240000000000002,0.19,7
72821,11,18.15,1.65,4
21661,3,17.85,5.95,3
90060D,3,17.85,5.95,3
84856L,2,17.82,8.91,2
90162A,6,17.700000000000003,2.95,1
20935,6,17.700000000000003,2.95,4
90027A,6,17.66,2.936666666666667,3
90179B,3,17.59,5.863333333333333,3
84596b,7,17.57,2.51,5
90011A,6,17.509999999999998,2.918333333333333,6
90130A,6,17.5,2.9166666666666665,6
79331,26,17.5,0.8033333333333333,3
35597D,46,17.48,0.38,2
23627,7,17.43,2.49,2
37489D,40,17.16,0.48176470588235293,16
47574B,4,17.0,4.25,2
90026A,2,17.0,8.5,1
85084,20,17.0,0.85,7
35645,4,17.0,4.25,3
44092C,20,17.0,0.85,8
21120,1,16.98,16.98,1
85035a,2,16.94,8.47,2
20954,2,16.94,8.47,2
21595,2,16.94,8.47,2
90024D,2,16.82,8.41,2
90024E,2,16.810000000000002,8.405000000000001,2
21144,5,16.8,3.36,2
37489B,31,16.77,0.65,12
23644,5,16.65,3.3299999999999996,5
84031b,1,16.63,16.63,1
84031a,1,16.63,16.63,1
DCGS0004,1,16.63,16.63,1
85036a,2,16.58,8.29,1
90137,3,16.310000000000002,5.436666666666667,3
35647,13,16.25,1.25,2
16248B,13,16.25,1.25,7
85160a,1,16.13,16.13,1
90214V,26,15.979999999999999,0.8542857142857142,14
72815,3,15.97,6.11,2
85136B,2,15.9,7.95,2
84795C,2,15.9,7.95,1
DCGS0069,1,15.79,15.79,1
20816,8,15.6,1.95,2
78034B,8,15.6,1.95,6
90214F,27,15.429999999999998,0.7606666666666667,15
90132,3,15.16,5.053333333333334,3
90140,2,15.120000000000001,7.5600000000000005,2
72024U,72,15.120000000000001,0.21,3
84660b,2,15.08,7.54,2
35610A,10,15.02,2.09,3
84462,12,15.0,1.25,6
23449,12,15.0,1.25,1
90189A,2,15.0,7.5,2
17191A,4,15.0,3.75,2
90069,2,15.0,7.5,1
90078,2,15.0,7.5,1
84705C,12,15.0,1.25,1
84415A,12,15.0,1.25,2
90025F,4,14.96,3.74,4
23621,6,14.940000000000001,2.49,4
84509g,2,14.92,7.46,2
85031C,3,14.850000000000001,4.95,1
90046,3,14.850000000000001,4.95,1
84989A,27,14.850000000000001,0.55,17
90048,3,14.850000000000001,4.95,1
84593,5,14.750000000000002,2.95,1
23634,5,14.55,2.91,5
16202B,29,14.5,0.5,2
90182B,5,14.5,2.9,5
90027C,5,14.5,2.9,5
37489A,33,14.43,0.494,14
47593A,33,14.37,0.5853846153846154,12
90052,2,14.14,7.07,2
62043B,17,14.11,0.8299999999999998,5
90089,20,13.94,1.3166666666666667,9
79336,36,13.680000000000003,0.38000000000000006,3
37489C,23,13.65,0.78,8
85017A,16,13.58,0.8477777777777777,8
90065B,2,13.5,6.75,2
90214T,24,13.459999999999999,0.7827272727272727,11
84745A,32,13.44,0.42000000000000004,5
84745B,32,13.44,0.42000000000000004,5
23639,4,13.32,3.33,4
23607,8,13.28,1.66,7
37491C,8,13.2,1.65,1
84388,24,13.14,1.02,6
37462E,36,13.1,0.6383333333333333,12
16162L,20,13.0,0.65,8
47013C,52,12.969999999999999,0.43,12
18097A,5,12.75,2.55,4
DCGS0070,1,12.72,12.72,1
21895,2,12.72,6.36,2
90042C,5,12.7,2.54,5
90055,5,12.53,2.506,5
90037C,5,12.52,2.504,5
20671,10,12.5,1.25,2
90020,1,12.48,12.48,1
23635,3,12.48,4.16,3
23654,5,12.450000000000001,2.49,4
82613c,5,12.399999999999999,2.485,4
79329,12,12.18,1.015,2
84016,27,12.16,0.625,2
90178B,1,11.95,11.95,1
90021,1,11.95,11.95,1
84620,2,11.9,5.95,1
84614A,2,11.9,5.95,1
44092B,14,11.899999999999999,0.85,5
90214Z,22,11.84,0.7819999999999999,10
37444B,4,11.8,2.9500000000000006,3
35818B,31,11.780000000000001,0.38000000000000006,3
16162M,28,11.76,0.42,8
16043,98,11.759999999999998,0.12,2
23605,4,11.64,2.91,1
23608,4,11.64,2.91,3
85184c,2,11.58,5.79,2
72798C,7,11.549999999999999,1.6499999999999997,3
71050,33,11.549999999999999,0.3499999999999999,6
90152B,2,11.46,5.73,2
17164B,27,11.34,0.42,9
90025D,3,11.19,3.73,3
84536a,14,11.060000000000002,0.79,4
37488A,28,10.92,0.38999999999999996,3
79026B,25,10.61,0.4855555555555556,9
16161M,25,10.5,0.42,1
16169N,25,10.5,0.42,1
35966,27,10.260000000000002,0.38,2
35958,12,10.2,0.85,3
40005B,12,10.2,0.85,4
85109,12,10.2,0.85,1
44089C,24,10.08,0.42,6
90053,4,9.99,2.4975,4
23624,4,9.96,2.49,4
23619,4,9.96,2.49,2
23615,4,9.96,2.49,4
23650,4,9.96,2.49,4
37474,1,9.95,9.95,1
84689,3,9.95,3.975,2
DCGS0003,4,9.94,2.485,4
82613b,4,9.94,2.485,4
37491D,4,9.879999999999999,2.4699999999999998,2
85231g,6,9.78,1.63,6
44242A,12,9.48,0.79,1
23441,22,9.24,0.42,3
35809B,8,9.18,1.6766666666666667,3
90184c,1,9.15,9.15,1
90181C,1,9.15,9.15,1
37351,10,9.06,0.8200000000000001,2
45013,3,8.850000000000001,2.95,2
20906,3,8.850000000000001,2.95,2
84773,3,8.850000000000001,2.95,1
90077,3,8.82,2.94,3
90011E,3,8.76,2.92,3
90011D,3,8.76,2.92,3
90027B,3,8.76,2.92,3
16206B,7,8.75,1.25,2
90130D,3,8.7,2.9,3
81950V,20,8.6,0.57,6
84732B,22,8.58,0.39,2
44265,2,8.5,4.25,1
90102,10,8.5,0.85,1
90167,10,8.5,0.85,1
85035b,1,8.47,8.47,1
21410,1,8.47,8.47,1
85035c,1,8.47,8.47,1
85036b,1,8.47,8.47,1
72803b,1,8.47,8.47,1
84975,5,8.45,1.69,2
20871,2,8.42,4.21,1
21594,2,8.34,4.17,2
23612,5,8.299999999999999,1.66,2
72802c,1,8.29,8.29,1
85034b,1,8.29,8.29,1
84924F,10,7.9,0.79,3
16244B,7,7.85,1.225,2
35607A,26,7.82,0.9099999999999999,2
90042A,3,7.6499999999999995,2.55,2
85189,9,7.6499999999999995,0.85,3
79149B,18,7.56,0.42,8
90025A,2,7.5,3.75,2
85160A,6,7.5,1.25,1
16202E,15,7.5,0.5,3
90068,1,7.5,7.5,1
37379A,6,7.5,1.25,1
21827,6,7.5,1.25,3
23633,3,7.470000000000001,2.49,3
62097B,9,7.469999999999999,0.83,3
90128A,3,7.43,2.485,2
84596g,3,7.38,2.46,1
71496B,13,7.37,0.56,4
10124G,17,7.14,0.42,4
90214O,16,6.819999999999999,0.726,5
90214W,16,6.819999999999999,0.726,5
35443,8,6.8,0.85,6
84802B,4,6.76,1.69,1
10124A,16,6.72,0.42000000000000004,5
21186,2,6.72,3.36,1
62074B,16,6.72,0.42,4
35833G,2,6.72,3.36,1
23604,4,6.64,1.66,2
37491B,4,6.6,1.65,1
20678,4,6.6,1.65,1
90126C,2,6.58,3.29,1
85224,3,6.300000000000001,2.1,1
44089A,15,6.3,0.42,4
21228,5,6.25,1.25,2
35591T,5,6.25,1.25,4
85225,6,6.25,1.0833333333333333,3
23610,3,6.24,2.08,3
90060B,1,5.95,5.95,1
90152C,1,5.95,5.95,1
84499,7,5.949999999999999,0.85,2
35598C,2,5.9,2.95,2
79161A,2,5.9,2.95,2
23617,2,5.82,2.91,1
23652,2,5.82,2.91,1
23638,2,5.82,2.91,2
90067B,2,5.8,2.9,2
90011C,2,5.8,2.9,2
23630,2,5.48,2.74,2
35004P,1,5.45,5.45,1
21839,1,5.45,5.45,1
81953P,28,5.32,0.19000000000000003,3
37509,2,5.1,2.55,2
20964,2,5.1,2.55,1
90142A,1,5.09,5.09,1
84803A,3,5.07,1.69,1
22034,10,5.02,0.625,4
23649,2,4.98,2.49,2
90135A,1,4.98,4.98,1
47593b,6,4.9799999999999995,0.83,1
90128D,2,4.97,2.485,2
90128C,2,4.97,2.485,2
84661b,1,4.96,4.96,1
84661a,1,4.96,4.96,1
90081B,1,4.95,4.95,1
35650,1,4.95,4.95,1
85031B,1,4.95,4.95,1
85231b,3,4.92,1.64,3
85049d,2,4.92,2.46,2
90127A,2,4.92,2.46,1
85049b,2,4.92,2.46,2
84971l,2,4.92,2.46,1
84613C,1,4.65,4.65,1
71215,11,4.62,0.42,2
79151B,11,4.62,0.42,2
84206A,24,4.5600000000000005,0.19000000000000003,3
84732D,11,4.29,0.39,2
79157V,5,4.25,0.85,3
22218,1,4.25,4.25,1
20703,1,4.25,4.25,1
20861,2,4.2,2.1,2
47016,2,4.2,2.1,1
22206,5,4.17,0.834,5
46776b,1,4.13,4.13,1
46776e,1,4.13,4.13,1
47591b,1,4.13,4.13,1
84536b,5,4.050000000000001,0.81,1
17174,9,3.7800000000000002,0.42,3
44091A,9,3.78,0.42,3
90128B,2,3.76,1.88,2
79192A,3,3.75,1.25,2
37464,3,3.75,1.25,2
90025E,1,3.73,3.73,1
90025B,1,3.73,3.73,1
35271S,19,3.6100000000000003,0.19,2
16010,30,3.5999999999999996,0.12,3
84270,17,3.5700000000000003,0.21,4
16202A,7,3.5,0.5,2
90214U,12,3.4799999999999995,0.29,1
79157B,4,3.4,0.85,2
84802A,2,3.38,1.69,1
90126A,1,3.36,3.36,1
85119,1,3.36,3.36,1
22528,1,3.36,3.36,1
21160,1,3.36,3.36,1
23643,1,3.33,3.33,1
90187A,1,3.32,3.32,1
84534b,2,3.32,1.66,2
10123C,5,3.25,0.65,3
47013A,14,3.0399999999999996,0.205,4
23628,1,2.91,2.91,1
23609,1,2.91,2.91,1
23602,1,2.91,2.91,1
90183c,1,2.9,2.9,1
m,1,2.55,2.55,1
90100,1,2.55,2.55,1
17028J,6,2.52,0.42,1
35609A,1,2.51,2.51,1
62096B,2,2.5,1.25,1
90037A,1,2.48,2.48,1
84201B,13,2.47,0.19,2
85049c,1,2.46,2.46,1
84510e,1,2.46,2.46,1
82613a,1,2.46,2.46,1
85179a,1,2.46,2.46,1
84596l,1,2.46,2.46,1
37330,6,2.34,0.39,1
46115B,12,2.2800000000000002,0.19,2
77079,1,2.12,2.12,1
20860,1,2.1,2.1,1
85170A,1,2.1,2.1,1
21414,1,2.1,2.1,1
47579,1,2.1,2.1,1
90112,2,2.1,1.05,1
81953B,11,2.09,0.19,3
84731,2,2.04,1.02,2
21491,1,1.95,1.95,1
22323,1,1.95,1.95,1
22146,1,1.95,1.95,1
90092,1,1.66,1.66,1
84550,1,1.65,1.65,1
23664,1,1.65,1.65,1
84206C,8,1.52,0.19,2
21009,1,1.25,1.25,1
35597B,1,1.25,1.25,1
35597A,1,1.25,1.25,1
84569C,1,1.25,1.25,1
84743C,1,1.25,1.25,1
84977,1,1.25,1.25,1
37461,1,1.25,1.25,1
84990,2,1.1,0.55,2
84201C,5,0.95,0.19,1
84206B,5,0.95,0.19,1
90084,1,0.85,0.85,1
21268,2,0.84,0.42,1
51014c,1,0.83,0.83,1
84227,1,0.42,0.42,1
PADS,3,0.003,0.001,3
